pid,eid,method,beh_r_body_me,beh_r_pupil_diameter,beh_r_wheel_speed,beh_r_whisker_me_left,beh_r_whisker_me_right,shuf_r_body_me,shuf_r_pupil_diameter,shuf_r_wheel_speed,shuf_r_whisker_me_left,shuf_r_whisker_me_right,r2_wave,r2_env_gamma,r2_amp_global,r2_amp_spatial,beh_r_mean,shuf_r_mean
0228bcfd-632e-49bd-acd4-c334cf9213e9,d3a2b25e-46d3-4f0b-ade6-4e32255f4c35,ae_anatomy_48,0.5275594138556412,0.1784056447101015,0.5808530554722906,0.6159346196370814,0.6140944952817337,-0.046885639940083323,-0.12327876421755125,-0.0119317232895523,0.0366311675926412,0.10108805185893979,0.776594147186318,0.20712224109011418,0.5697233737130052,0.15700961779184308,0.5033694457913697,-0.008875381599121174
0228bcfd-632e-49bd-acd4-c334cf9213e9,d3a2b25e-46d3-4f0b-ade6-4e32255f4c35,ae_depth_48,0.5005269552499902,0.18320918579815998,0.5850709484958877,0.6372174697392797,0.623877582843931,-0.010808540823568571,-0.16127041372405093,0.006359015259290725,0.014051913821456829,0.10658252818494589,0.7576315732544446,0.223698040856682,0.6360034202584541,0.16784382145085985,0.5059804284254497,-0.009017099456385217
0228bcfd-632e-49bd-acd4-c334cf9213e9,d3a2b25e-46d3-4f0b-ade6-4e32255f4c35,ae_filterbank_48,0.5173688036781282,0.33148280064847,0.5707652203557567,0.5934954070519926,0.5830172675757681,0.011417580830736726,-0.2937318178042578,0.023336210611713995,0.01346973528868365,0.10404513908891155,0.8054438894874929,0.1313202215456912,0.5117939191585358,0.07214789091423085,0.519225899862023,-0.02829263039684237
0228bcfd-632e-49bd-acd4-c334cf9213e9,d3a2b25e-46d3-4f0b-ade6-4e32255f4c35,ae_global_48,0.5085435476542394,0.2524141448239334,0.5994779292156824,0.6345107320828876,0.627808266264759,-0.07889691186897205,-0.14268117175862446,-0.01171144894146042,0.06565838660162078,0.11695453367627935,0.6528728790137411,0.2990709471419214,0.9248610457511972,0.2564829166879077,0.5245509240083004,-0.010135322458231363
0228bcfd-632e-49bd-acd4-c334cf9213e9,d3a2b25e-46d3-4f0b-ade6-4e32255f4c35,ae_masked_48,0.48275087122022087,0.15877902630486626,0.580897100968631,0.6353795757075935,0.6326825569024696,0.02962852683526485,-0.12904607175098803,0.040970865174172026,0.07998405240820866,0.14777683863000898,0.7519625820699793,0.18138657378335593,0.6366138264004022,0.12461552445228988,0.49809782622075627,0.033862842259333295
0228bcfd-632e-49bd-acd4-c334cf9213e9,d3a2b25e-46d3-4f0b-ade6-4e32255f4c35,ae_waveamp_48,0.5103017870175964,0.257023234130775,0.5599931397856516,0.605413647308961,0.5907308994505763,0.018382032051522047,-0.10573171057089971,0.027694361040480453,0.04469689696517605,0.12042919626507517,0.8460493521255836,0.17203403825092822,0.48598397023913464,0.07271258685641906,0.5046925415387121,0.021094155150270803
0228bcfd-632e-49bd-acd4-c334cf9213e9,d3a2b25e-46d3-4f0b-ade6-4e32255f4c35,group_pca_pooled_48,0.5356436645147319,0.36476748156201305,0.5866619952924544,0.6230317704035166,0.6508301881637149,-0.028894599497486503,-0.1966797301441766,0.008963609334308103,0.1068246305323654,0.12401607055227942,0.05048081099937227,0.46370527809683226,0.9778262523558192,0.3603714720027844,0.5521870199872863,0.002845996155457958
0228bcfd-632e-49bd-acd4-c334cf9213e9,d3a2b25e-46d3-4f0b-ade6-4e32255f4c35,group_pca_weighted_48,0.5140766451126793,0.4001861000420025,0.5521308480003689,0.6578566958073534,0.6356750668729845,0.0398385893247577,-0.07206463846043543,0.05031311616321828,0.09875186780057808,0.14015866926028372,0.8457982509121178,0.35691625767040536,0.7723103301046192,0.22667005731798057,0.5519850711670777,0.05139952081768047
0228bcfd-632e-49bd-acd4-c334cf9213e9,d3a2b25e-46d3-4f0b-ade6-4e32255f4c35,group_wave+amp1_pooled,0.5144846978794081,0.40025388859743805,0.5527812799189953,0.6573085001916333,0.6349094143110533,0.040580181700320246,-0.0759947125310636,0.052075680066442996,0.10002781161835252,0.14044743750323255,0.8457746953187278,0.35692547827731047,0.7723879783632565,0.22688836129713727,0.5519475561797057,0.05142727967145694
0228bcfd-632e-49bd-acd4-c334cf9213e9,d3a2b25e-46d3-4f0b-ade6-4e32255f4c35,waveform+gamma_48,0.4719028501186182,0.1881020798684597,0.5673711974694143,0.6512373145768059,0.6200658104719142,-0.01870369132221163,0.012765827920635478,-0.05493306770854797,-0.004229048438902344,0.09562333326327663,0.8457038781787833,0.33402450895281266,0.5650096021772857,0.2717632290269249,0.49973585050104247,0.006104670742850033
0b8ea3ec-e75b-41a1-9442-64f5fbc11a5a,a4a74102-2af5-45dc-9e41-ef7f5aed88be,ae_anatomy_48,0.5573356949121876,0.48482900694502185,0.661853690048616,0.7006828791323253,0.7445259567864998,-0.15486550299790663,-0.09949789025318397,-0.09085923681600627,-0.05974903625422865,-0.06509460897868145,0.9593602570090176,0.2271180867884681,0.6928270409790982,0.2938373594217905,0.62984544556493,-0.0940132550600014
0b8ea3ec-e75b-41a1-9442-64f5fbc11a5a,a4a74102-2af5-45dc-9e41-ef7f5aed88be,ae_depth_48,0.5498634615716964,0.48042554112131813,0.6746552019250693,0.7051542705620308,0.7537789048684077,-0.12876558338708835,-0.1361047729008925,-0.07419547172369965,-0.07158891451310417,-0.07650935798801785,0.8913878057069315,0.20268277246519947,0.6271627545467149,0.26797166474534684,0.6327754760097044,-0.0974328201025605
0b8ea3ec-e75b-41a1-9442-64f5fbc11a5a,a4a74102-2af5-45dc-9e41-ef7f5aed88be,ae_filterbank_48,0.49380058488104794,0.45371173763701755,0.6932920681179595,0.6759433454206106,0.709245336110825,0.031777634233112306,-0.0361701021711573,-0.04781896197471878,-0.16260624131515564,-0.14463922837024942,0.8907811914724536,0.14054403482397207,0.5360313795387537,0.1871293811328291,0.6051986144334921,-0.07189137991963376
0b8ea3ec-e75b-41a1-9442-64f5fbc11a5a,a4a74102-2af5-45dc-9e41-ef7f5aed88be,ae_global_48,0.567585724933465,0.5353000664045473,0.717227399600036,0.7553327445311375,0.7926452764029392,-0.11953657160912205,-0.05683777608396577,-0.1122458109398802,-0.07297690572625629,-0.06895200458968678,0.5404444720466212,0.26646671127710675,0.8914356755273095,0.37915332234815374,0.673618242374425,-0.08610981378978222
0b8ea3ec-e75b-41a1-9442-64f5fbc11a5a,a4a74102-2af5-45dc-9e41-ef7f5aed88be,ae_masked_48,0.5578752863746373,0.5147681989869248,0.6935496683286,0.6899246985141788,0.7459880252362051,-0.1217493270171841,0.04768608257327395,-0.10931176440173221,-0.0471120613014613,-0.047955527043055904,0.9505836355467702,0.20623900502294784,0.6971039034355366,0.2955430272515721,0.6404211754881093,-0.055688519438031915
0b8ea3ec-e75b-41a1-9442-64f5fbc11a5a,a4a74102-2af5-45dc-9e41-ef7f5aed88be,ae_waveamp_48,0.5484293287357855,0.47842755167269996,0.6718230638249009,0.71011566038172,0.7522680714861435,-0.12464260582691945,-0.024893211534704904,-0.10071319121148012,0.03394670054841883,0.02800166695633565,0.9942160597862331,0.28426146922780104,0.4107404584419656,0.13118372107745419,0.63221273522025,-0.03766012821367
0b8ea3ec-e75b-41a1-9442-64f5fbc11a5a,a4a74102-2af5-45dc-9e41-ef7f5aed88be,group_pca_pooled_48,0.5362227201705934,0.5528166180795275,0.6740084896984797,0.7323995242217731,0.7713621845870092,-0.17948484168105425,-0.12438371663970176,-0.16350470086454763,-0.0977486644442017,-0.11681178896835565,0.1318159223295523,0.5398188184125325,0.9867391142504107,0.4595084712012843,0.6533619073514766,-0.1363867425195722
0b8ea3ec-e75b-41a1-9442-64f5fbc11a5a,a4a74102-2af5-45dc-9e41-ef7f5aed88be,group_pca_weighted_48,0.583383703862071,0.5513765579337928,0.7021709993853068,0.7412684314863007,0.7880118852185838,-0.14341524392193677,-0.09053835583585805,-0.05447718378202688,-0.1600437239526266,-0.16982010220679553,0.9941877908843348,0.47093249999401465,0.8647521367890396,0.3876082472102718,0.6732423155772109,-0.12365892193984877
0b8ea3ec-e75b-41a1-9442-64f5fbc11a5a,a4a74102-2af5-45dc-9e41-ef7f5aed88be,group_wave+amp1_pooled,0.5825133673080918,0.5557805800244772,0.7022304171592549,0.7416705702623585,0.7902435839166927,-0.14909921223195335,-0.0930352196671506,-0.055673187521492806,-0.1587154779450068,-0.17020906866477145,0.9941906189001024,0.4712443583628224,0.8649859829270566,0.38792393155235266,0.6744877037341749,-0.125346433206075
0b8ea3ec-e75b-41a1-9442-64f5fbc11a5a,a4a74102-2af5-45dc-9e41-ef7f5aed88be,waveform+gamma_48,0.40223506378569157,0.14896999191451718,0.513373322998878,0.4521839951797822,0.4302556399564369,-0.026670621103712,0.04723176015793268,0.00047880225621747645,-0.009246699833061825,0.021588391204671903,0.9943067082724902,0.09563854079899656,0.09151563758985587,0.027244581856386625,0.38940360276706115,0.0066763265364096465
10f59add-706e-41d0-87ed-9a55eb138a66,7416f387-b302-4ca3-8daf-03b585a1b7ec,ae_anatomy_48,0.33767683812489047,0.19635818497057966,0.7164975341324913,0.852856682142123,0.8411666701539714,0.019681491786631672,0.18021225027203033,-0.044034620407718175,0.027610322807989647,-0.013385234182582598,0.7101300045170218,0.36155365016308627,0.8462848445090224,0.2698375091878062,0.5889111819048111,0.03401684205527018
10f59add-706e-41d0-87ed-9a55eb138a66,7416f387-b302-4ca3-8daf-03b585a1b7ec,ae_depth_48,0.3143153385826213,0.12747096863018126,0.7217611616836157,0.8550061137721475,0.8407718501126002,0.08679328228298228,0.15932883005343565,-0.016705561385286852,0.07076505540314595,0.02783314830589835,0.6505836591309514,0.3312256990858446,0.8027232835763174,0.23906613442434743,0.5718650865562331,0.06560295093203508
10f59add-706e-41d0-87ed-9a55eb138a66,7416f387-b302-4ca3-8daf-03b585a1b7ec,ae_filterbank_48,0.32335039937350113,0.2071055032193777,0.733382739519292,0.8299655489693716,0.8110363229268156,0.02339235625690715,0.13277726109193994,-0.013775630443367874,0.07327901181606412,0.0324852173985843,0.7096069888344334,0.26193293761996406,0.7062343993832279,0.10831571249719753,0.5809681028016715,0.04963164322402552
10f59add-706e-41d0-87ed-9a55eb138a66,7416f387-b302-4ca3-8daf-03b585a1b7ec,ae_global_48,0.33803515858663413,0.2250601411911263,0.7329153413239167,0.8672537644109988,0.8405651603729752,0.04598126820754943,0.2552596452713033,-0.052961169539638406,0.08412663643357185,0.0582680363095177,0.5493690789623707,0.3879513097448185,0.9540327059700842,0.3715681460094078,0.6007659131771301,0.07813488333646076
10f59add-706e-41d0-87ed-9a55eb138a66,7416f387-b302-4ca3-8daf-03b585a1b7ec,ae_masked_48,0.3258891473240063,0.22360968263342365,0.7325933726263285,0.8597069923785834,0.8509287700317312,0.039389288604158995,0.18877057570098632,-0.01605962356694106,0.06498850048970052,0.032356677500447226,0.7373092319216482,0.35159725436568806,0.8740637888461886,0.2526479522281673,0.5985455929988147,0.061889083745670405
10f59add-706e-41d0-87ed-9a55eb138a66,7416f387-b302-4ca3-8daf-03b585a1b7ec,ae_waveamp_48,0.310824591183144,0.27350215702915953,0.717579033985764,0.8586138289733152,0.8438630914941165,0.045506293902456904,0.15559832530381476,-0.0461607734249913,0.03648108955567155,0.012171413072765251,0.7975427320578595,0.3567825315507388,0.7955516126894131,0.17084836182687232,0.6008765405330998,0.040719269681943435
10f59add-706e-41d0-87ed-9a55eb138a66,7416f387-b302-4ca3-8daf-03b585a1b7ec,group_pca_pooled_48,0.3314744225690363,0.08976729183893087,0.6675358885809769,0.853995218285877,0.8239459049830301,0.0430024807395439,0.284676562303942,-0.12352841951118715,0.0772897065732954,0.048189417960858,0.1415841280220282,0.5153920589553265,0.9915129710109547,0.41604990527236085,0.5533437452515703,0.06592594961329043
10f59add-706e-41d0-87ed-9a55eb138a66,7416f387-b302-4ca3-8daf-03b585a1b7ec,group_pca_weighted_48,0.3188489310802405,0.1264719046375533,0.7328028406515688,0.8650821904737614,0.8508074361899671,0.0223888437897584,0.24572430419602373,-0.09822105190608404,0.0033328644028252762,-0.0307710599213082,0.799005507116245,0.46333929763074594,0.9054817805316272,0.3287541827010669,0.5788026606066182,0.02849078011224303
10f59add-706e-41d0-87ed-9a55eb138a66,7416f387-b302-4ca3-8daf-03b585a1b7ec,group_wave+amp1_pooled,0.31917415961364565,0.126273164927718,0.7328457340475709,0.8650473244365318,0.8506613728810354,0.0225217585191052,0.24276974410596158,-0.09750182638673005,0.004458549736751273,-0.030954010254481547,0.7990130653687901,0.4630869413575764,0.9053528464144854,0.3285160900305919,0.5788003511813004,0.028258843144121294
10f59add-706e-41d0-87ed-9a55eb138a66,7416f387-b302-4ca3-8daf-03b585a1b7ec,waveform+gamma_48,0.2667017343554868,0.2525500058983205,0.708768879960894,0.8706063230599314,0.851941268920501,-0.048300547217715706,0.10088580812728402,-0.060360252694259875,0.027900975905421205,0.02536955338529635,0.7968534652455224,0.44417533334744436,0.8292019190404603,0.34916584010510016,0.5901136424390268,0.009099107501205201
18d316bf-d322-4c5c-814e-a58147f7bf5f,f56194bc-8215-4ae8-bc6a-89781ad8e050,ae_anatomy_48,0.5864449563155733,0.31606169743271284,0.5434853988936945,0.6509447860186015,0.6138675744502113,0.04124218115319213,-0.012282896119953778,0.012922844094148676,-0.023469258138647926,0.016544486550580502,0.910374852177388,0.2447912985537302,0.43834275292951935,0.26635186036079594,0.5421608826221587,0.006991471507863921
18d316bf-d322-4c5c-814e-a58147f7bf5f,f56194bc-8215-4ae8-bc6a-89781ad8e050,ae_depth_48,0.5989104087359152,0.3852135838499248,0.5332987233007533,0.7008937294288746,0.6605097279621245,0.11820088345033583,0.02887319938272955,0.031063475639781603,0.005368494432550001,0.04531497589787675,0.8922488374999533,0.2694151156560407,0.5171905950783542,0.2721833178912378,0.5757652346555184,0.04576420576065475
18d316bf-d322-4c5c-814e-a58147f7bf5f,f56194bc-8215-4ae8-bc6a-89781ad8e050,ae_filterbank_48,0.44259826666391827,-0.13896456231426535,0.38126756785535265,0.5745569392826108,0.5035895437491239,-0.027156626296085753,-0.08668570891862384,-0.03083650831401085,-0.07567099574399692,-0.07349210894323888,0.9199031903809394,0.0643475144884969,0.3922315772823827,0.15948832549002973,0.35260955104734804,-0.058768389643191254
18d316bf-d322-4c5c-814e-a58147f7bf5f,f56194bc-8215-4ae8-bc6a-89781ad8e050,ae_global_48,0.7566665621749142,0.4207554205992369,0.659951245838946,0.8275975046978663,0.7796404322673045,-0.0022856650236358503,0.018184989948353804,-0.0184062217977518,-0.037870853152300446,-0.026359636159158997,0.6682077195245132,0.3295365541871805,0.899877399926277,0.341496945525372,0.6889222331156535,-0.013347477236898659
18d316bf-d322-4c5c-814e-a58147f7bf5f,f56194bc-8215-4ae8-bc6a-89781ad8e050,ae_masked_48,0.5900515852889106,0.3824727131622551,0.5431172871618691,0.6981126516562881,0.6483471246318243,0.10082609479160412,0.05041470545611065,0.07251253037347698,0.11329735265821586,0.1329845205199636,0.9030926811645796,0.22189299406755258,0.5118178606669255,0.23998360864450669,0.5724202723802294,0.09400704075987423
18d316bf-d322-4c5c-814e-a58147f7bf5f,f56194bc-8215-4ae8-bc6a-89781ad8e050,ae_waveamp_48,0.542943992831777,0.18945332620488411,0.48720050637730467,0.622310212104852,0.5915581689809374,-0.11395102257715987,-0.07541996190310865,-0.07021759537019327,-0.09467711027706857,-0.11356694237793208,0.9831358775747481,0.28058832606852935,0.23524358444616586,0.1075409738218249,0.48669324129995106,-0.0935665265010925
18d316bf-d322-4c5c-814e-a58147f7bf5f,f56194bc-8215-4ae8-bc6a-89781ad8e050,group_pca_pooled_48,0.7453491426235157,0.3610220061600115,0.6535859646758196,0.810241501562704,0.7812436836045552,-0.08167565154226762,-0.03487013184494395,-0.14592474281892504,-0.12905472614187863,-0.12297944021589025,0.0154993739675625,0.5608484784709948,0.9685832150535312,0.4186346241534835,0.6702884597253211,-0.10290093851278108
18d316bf-d322-4c5c-814e-a58147f7bf5f,f56194bc-8215-4ae8-bc6a-89781ad8e050,group_pca_weighted_48,0.702218000964148,0.18407594510654057,0.632688110943788,0.7709279119004295,0.7383028199946783,-0.03596280522353172,-0.017601363960135223,-0.07292127431339865,-0.023712531186494447,0.018994562086836725,0.9826954859807394,0.4784906198445691,0.6971295478162952,0.2802704975493144,0.6056425577819169,-0.02624068251934466
18d316bf-d322-4c5c-814e-a58147f7bf5f,f56194bc-8215-4ae8-bc6a-89781ad8e050,group_wave+amp1_pooled,0.7006281206480006,0.18431880203697615,0.6333231388367186,0.7712966458980057,0.7386643681610667,-0.037367789878463745,-0.016759866239986647,-0.07445171778439943,-0.025687116864218023,0.016756381423692672,0.9826958604269602,0.4783499965393124,0.6970140449492572,0.27927096921751277,0.6056462151161537,-0.02750202186867503
18d316bf-d322-4c5c-814e-a58147f7bf5f,f56194bc-8215-4ae8-bc6a-89781ad8e050,waveform+gamma_48,0.20872245838984146,0.1898648153087944,0.21214295662171925,0.3146058052010738,0.2909848926336863,-0.003975541506238049,-0.06362953902364812,0.031127821236221723,0.021580955962418026,0.016658868391941452,0.9832771099534976,0.0581693482658064,0.09908144298591215,0.020559978291741027,0.243264185631023,0.00035251301213900523
1a276285-8b0e-4cc9-9f0a-a3a002978724,69c9a415-f7fa-4208-887b-1417c1479b48,ae_anatomy_48,0.23181976167980048,0.1778248766831608,0.38351146048959917,0.46990893721616067,0.49670346864419196,-0.0250574421144009,-0.0962980266591712,0.0495662160456607,-0.0204677466390818,-0.006374877001565251,0.8986718218108777,0.4168143149790079,0.5506596003048027,0.22288863494358468,0.3519537009425826,-0.01972637527371169
1a276285-8b0e-4cc9-9f0a-a3a002978724,69c9a415-f7fa-4208-887b-1417c1479b48,ae_depth_48,0.30905190792684434,0.2891574160437768,0.3825027751255501,0.4921084870238911,0.5101917081065195,-0.036666369130453555,-0.11047589142356462,0.04844959845913015,-0.05398510152019235,-0.044402566358513126,0.8630881068700961,0.48562926466721706,0.7070086720865856,0.2557999999809887,0.39660245884531636,-0.03941606599471871
1a276285-8b0e-4cc9-9f0a-a3a002978724,69c9a415-f7fa-4208-887b-1417c1479b48,ae_filterbank_48,0.4098514846196725,0.22245685694634726,0.44706512468436205,0.46760344957058214,0.49990371522937394,-0.07652046799668423,-0.09748514693566229,0.0518236224535654,-0.043348167356006204,-0.053871976208342984,0.8839863499992731,0.2554241811444376,0.43504130423513476,0.14170421928493682,0.4093761262100676,-0.04388042720862606
1a276285-8b0e-4cc9-9f0a-a3a002978724,69c9a415-f7fa-4208-887b-1417c1479b48,ae_global_48,0.3927383264134751,0.40588064995803985,0.4236115048970097,0.5860285108106893,0.6392907976671196,0.005036010027950226,-0.17398421665445096,0.1059453127434115,0.06676183300253215,0.07603691779742497,0.7746856179636069,0.6698348510755323,0.9122462532562539,0.35471219800738346,0.4895099579492667,0.015959171383373577
1a276285-8b0e-4cc9-9f0a-a3a002978724,69c9a415-f7fa-4208-887b-1417c1479b48,ae_masked_48,0.38749228093110577,0.21746440600391168,0.38284965997245485,0.5528701653265548,0.5408739147956563,-0.021088642075807847,-0.07406481859895556,0.029472101039224874,0.02415041199730635,0.006249538420989699,0.6671455583964329,0.5290868612100063,0.8409931264973055,0.3538166091008933,0.4163100854059367,-0.007056281843448498
1a276285-8b0e-4cc9-9f0a-a3a002978724,69c9a415-f7fa-4208-887b-1417c1479b48,ae_waveamp_48,0.3416657783559748,0.30060589447676866,0.390656226796229,0.4889234342010268,0.4941754746947471,0.008640580420959125,-0.0938712866577157,0.07311751746089168,0.0519528273731095,0.07352781922138188,0.9686546078119403,0.3303798230900348,0.48544049222004393,0.10279835405604668,0.40320536170494936,0.022673491563725296
1a276285-8b0e-4cc9-9f0a-a3a002978724,69c9a415-f7fa-4208-887b-1417c1479b48,group_pca_pooled_48,0.4211191319097518,0.3237257577353671,0.23782618046386428,0.4838361615158743,0.4941907239702903,-0.003318798397459695,-0.11464305204668623,0.10477147589536377,0.05955522245610255,0.06844104377490447,0.0025061114997672065,0.7652685937274315,0.9887337861952588,0.44375471111988285,0.3921395911190296,0.022961178336444975
1a276285-8b0e-4cc9-9f0a-a3a002978724,69c9a415-f7fa-4208-887b-1417c1479b48,group_pca_weighted_48,0.35995720915424234,0.40917294127474835,0.4005789066807558,0.48404643395214775,0.482004708150455,-0.0226660050532876,-0.06966196705517436,0.04343701693525135,0.010740929960829777,0.01846752191348305,0.967516822538417,0.7040942037706667,0.8462557458581159,0.32870139029698675,0.42715203984246986,-0.003936500659779555
1a276285-8b0e-4cc9-9f0a-a3a002978724,69c9a415-f7fa-4208-887b-1417c1479b48,group_wave+amp1_pooled,0.3602604066115006,0.409324612879159,0.388966546531821,0.4835687659045904,0.481774356407068,-0.021527207692358073,-0.06967167591444504,0.044826800065918875,0.007416949329123725,0.016450666948945602,0.967477704985376,0.7040255881578372,0.84627493840647,0.3285237432401373,0.4247789376668278,-0.0045008934525629825
1a276285-8b0e-4cc9-9f0a-a3a002978724,69c9a415-f7fa-4208-887b-1417c1479b48,waveform+gamma_48,0.20334867445620822,0.3796196466997463,0.35256539221656646,0.44646226943020534,0.42102878284202094,-0.05885033947750322,-0.0124079389604511,0.008446727757700528,0.0306437117373939,0.06256791269925185,0.9690187043546579,0.6127254677927647,0.8146533197289821,0.38255345875666735,0.36060495312894947,0.006080014751278393
22609d51-0a6a-425d-a3ef-eeb43a9ba350,1dbba733-24a4-4400-9436-53f1bd8428e8,ae_anatomy_48,0.5367696420408399,0.42911855349911776,0.46006828167805874,0.48935459372953716,0.5369441613615094,0.0761953856912102,-0.01961992452723597,0.012646867514059525,-0.015856597672015024,-0.0093044260431864,0.9133197396975609,0.2476093501887594,0.5029450632372219,0.397538680701096,0.49045104646181253,0.008812260992566465
22609d51-0a6a-425d-a3ef-eeb43a9ba350,1dbba733-24a4-4400-9436-53f1bd8428e8,ae_depth_48,0.519555527136713,0.43720920967775434,0.40303560279641826,0.4612334954942852,0.5077516921608054,0.0725146512785031,0.008185441105351047,0.0039478504871432,0.03752151840988857,0.09255102113255095,0.8943787219874996,0.2641951056523546,0.5126632782053576,0.37148116931093306,0.4657571054531952,0.04294409648268738
22609d51-0a6a-425d-a3ef-eeb43a9ba350,1dbba733-24a4-4400-9436-53f1bd8428e8,ae_filterbank_48,0.45817375916714853,0.4744316048116646,0.3897360304321681,0.40026286116209464,0.4600649348408844,-0.1204796600280932,0.1810668608917672,-0.1131637697577407,-0.14474170088436905,-0.08050054022620588,0.9201186204404844,0.06187893718104895,0.38396787547684635,0.10059519467338157,0.43653383808279206,-0.05556376200092833
22609d51-0a6a-425d-a3ef-eeb43a9ba350,1dbba733-24a4-4400-9436-53f1bd8428e8,ae_global_48,0.5616658609770231,0.6011620419817459,0.46050982312071276,0.4840822411917236,0.5501544708802111,-0.04309840879492345,0.1017105996118251,-0.0675642157428512,-0.03353684655779195,0.03281915355517353,0.6877107073112523,0.31255985153939103,0.8962091683764335,0.3574514622619624,0.5315148876302833,-0.001933943585713592
22609d51-0a6a-425d-a3ef-eeb43a9ba350,1dbba733-24a4-4400-9436-53f1bd8428e8,ae_masked_48,0.5001543072657735,0.4830514359090218,0.40291880108359596,0.42179259324169244,0.5024356079432003,-0.054684702158645924,0.1251897364516708,-0.06363308891487729,-0.021848085670414776,-0.004826532466479402,0.8997721113648985,0.22125910236244173,0.5867191640776339,0.34812053277262206,0.4620705490886568,-0.003960534551749318
22609d51-0a6a-425d-a3ef-eeb43a9ba350,1dbba733-24a4-4400-9436-53f1bd8428e8,ae_waveamp_48,0.5303547800280499,0.5507209910058827,0.40729949764779494,0.4407312252511786,0.5106276398672255,-0.12246386813212082,0.0463041712254204,-0.09884898406998865,-0.15416220089477817,-0.12160844195814355,0.9800977153964009,0.27130514436666336,0.35588980977250545,0.12139861972819145,0.4879468267600263,-0.09015586476592216
22609d51-0a6a-425d-a3ef-eeb43a9ba350,1dbba733-24a4-4400-9436-53f1bd8428e8,group_pca_pooled_48,0.5392349637104411,0.52817181911227,0.4135504411071884,0.45584862403064,0.5406475071337802,0.01940771444742178,0.15330058804053484,-0.11803379931700389,0.0739023983363673,0.13283400416872956,0.0074854871168846,0.546248465007205,0.9640180426406473,0.4084512617872474,0.49549067101886396,0.052282181135209924
22609d51-0a6a-425d-a3ef-eeb43a9ba350,1dbba733-24a4-4400-9436-53f1bd8428e8,group_pca_weighted_48,0.5389428049165981,0.5731598701939806,0.43875403101441934,0.45813521421183134,0.5546320216886453,-0.1497578633582014,0.1475839951734586,-0.11856830897577933,-0.15283732943124975,-0.03609848844331775,0.9798979725161252,0.46659877019555684,0.7368750774006156,0.34748397537835685,0.5127247884050949,-0.06193559900701793
22609d51-0a6a-425d-a3ef-eeb43a9ba350,1dbba733-24a4-4400-9436-53f1bd8428e8,group_wave+amp1_pooled,0.5386878937060319,0.5729154752961917,0.4384544253249711,0.4579115797995391,0.5544361108211421,-0.1507528960887046,0.1482000708948972,-0.11831368555342117,-0.15340917162178574,-0.035945916115385196,0.979901957438829,0.46645143843675807,0.7367783578851241,0.34697999348286357,0.5124810969895751,-0.062044319696879915
22609d51-0a6a-425d-a3ef-eeb43a9ba350,1dbba733-24a4-4400-9436-53f1bd8428e8,waveform+gamma_48,0.39055540418199747,0.2790222710242997,0.36838428046121574,0.3450433626159897,0.35628610387289505,0.007973612692921975,0.07222068132779612,-0.0194573954388624,-0.0471804637408411,-0.028528878283623653,0.979678487520274,0.2551169667121654,0.32551672002984117,0.2967851482765139,0.34785828443127953,-0.0029944886885218125
3017e4dc-2150-43ad-9b08-b95b48ba8dfa,781b35fd-e1f0-4d14-b2bb-95b7263082bb,ae_anatomy_48,0.4708664093809607,0.44260645235409757,0.4309056513485111,0.6758721698041192,0.6719818056677991,0.014402101140365898,0.25547242519686264,0.011605797364314826,-0.0609398552786914,-0.06667039408061237,0.907694456443143,0.14201605748897683,0.17733410538883546,0.18274166762755076,0.5384464977110974,0.03077401486844792
3017e4dc-2150-43ad-9b08-b95b48ba8dfa,781b35fd-e1f0-4d14-b2bb-95b7263082bb,ae_depth_48,0.523093352093347,0.48086401889927893,0.45490994968275966,0.6788402127248597,0.6565515531500601,0.0005087976859399241,0.10158480402627884,0.00480526454567585,-0.06742066211449597,-0.12468121400988996,0.8915488621161757,0.1379235724919145,0.34496582098518686,0.2253365320204611,0.558851817310061,-0.017040601973298264
3017e4dc-2150-43ad-9b08-b95b48ba8dfa,781b35fd-e1f0-4d14-b2bb-95b7263082bb,ae_filterbank_48,0.5244292952868485,0.5606134789714332,0.470439993004126,0.6818985922246461,0.6425250290503722,-0.05072822516352402,0.10149627297457248,0.0015316816132108233,-0.033291518523398775,-0.0503624401753038,0.9163899740735935,0.042718849398162576,0.19792466366788178,0.10179145036121275,0.5759812777074852,-0.00627084585488866
3017e4dc-2150-43ad-9b08-b95b48ba8dfa,781b35fd-e1f0-4d14-b2bb-95b7263082bb,ae_global_48,0.5735461784702127,0.5717357253200754,0.5213613031784632,0.7507604002363146,0.7196072615166682,-0.11129066769659735,0.13539766048191232,-0.06360122030067235,-0.14389080722100384,-0.15914436018789785,0.7452498224645744,0.27240602335816916,0.8504819272913593,0.3079451498464681,0.6274021737443468,-0.0685058789848518
3017e4dc-2150-43ad-9b08-b95b48ba8dfa,781b35fd-e1f0-4d14-b2bb-95b7263082bb,ae_masked_48,0.534443170950211,0.47501980540114064,0.47861124772533165,0.6769021871581539,0.656184738550972,-0.00939670797679015,0.10934376955779052,0.029998510426413327,-0.08681345989576777,-0.07999249376066808,0.8969028559194361,0.1481560703038213,0.4742635187665092,0.21913439327275705,0.5642322299571618,-0.007372076329804434
3017e4dc-2150-43ad-9b08-b95b48ba8dfa,781b35fd-e1f0-4d14-b2bb-95b7263082bb,ae_waveamp_48,0.5483258129051853,0.44629533156322615,0.43994967064834983,0.6565072934196541,0.6499293455976937,-0.0373289277525232,0.20912085525146284,-0.004815182860812851,-0.029681735858693326,-0.10196207287678315,0.9637945989757468,0.15901555421008784,0.19764100034484777,0.07460057655989548,0.5482014908268218,0.0070665871805300675
3017e4dc-2150-43ad-9b08-b95b48ba8dfa,781b35fd-e1f0-4d14-b2bb-95b7263082bb,group_pca_pooled_48,0.532643400659399,0.5727941321907384,0.4957650255021657,0.7245085698247615,0.6706423256695289,-0.11632517987504375,0.22241765958726384,-0.09279769807836187,-0.0733724225479695,-0.06777581613759107,0.019085183435984122,0.4364481751961466,0.9477171742549149,0.3631347157905136,0.5992706907693186,-0.02557069141034047
3017e4dc-2150-43ad-9b08-b95b48ba8dfa,781b35fd-e1f0-4d14-b2bb-95b7263082bb,group_pca_weighted_48,0.5968055377331503,0.528590284173178,0.5192109367662416,0.7343549878906874,0.70593477950134,-0.11325497970847172,0.20223814893403014,-0.02986973265156055,-0.04202406008763958,-0.06392543472621713,0.9632936421294247,0.33976843049729305,0.5619227728110368,0.25616122083931864,0.6169793052129194,-0.009367211647971769
3017e4dc-2150-43ad-9b08-b95b48ba8dfa,781b35fd-e1f0-4d14-b2bb-95b7263082bb,group_wave+amp1_pooled,0.5972985036666629,0.5280413278413587,0.5189011783116352,0.7338150828081318,0.7054117428452136,-0.11107584237079585,0.20084259812270933,-0.03383061959128665,-0.04568200634207709,-0.066367318539225,0.9632975698690106,0.3395177392479964,0.5614348983685487,0.2554451770993454,0.6166935670946004,-0.011222637744135055
3017e4dc-2150-43ad-9b08-b95b48ba8dfa,781b35fd-e1f0-4d14-b2bb-95b7263082bb,waveform+gamma_48,0.46521696427445725,0.43767647092590456,0.4604983678623752,0.6894186939235835,0.6878858997590296,0.013765434453249424,0.1799487939708092,0.02731170830010805,-0.041210085557747675,-0.046402270289286805,0.9636220562184972,0.20450191842840498,0.3712937779151611,0.2564010134779773,0.54813927934907,0.02668271617542644
478de1ce-d7e7-4221-9365-2abdc6e88fb6,5c0c560e-9e1f-45e9-b66e-e4ee7855be84,ae_anatomy_48,0.6354468622698926,0.35361094774160196,0.541609867503335,0.7323100679903559,0.677084313275436,0.00785638996564365,-0.1585301754709769,0.0792716455270484,-0.0262649525426627,-0.01907743945596965,0.8971716488346824,0.2413363987512555,0.6453320850785673,0.2768334713837868,0.5880124117561243,-0.02334890639538344
478de1ce-d7e7-4221-9365-2abdc6e88fb6,5c0c560e-9e1f-45e9-b66e-e4ee7855be84,ae_depth_48,0.6146718191719932,0.3063626222174919,0.517745772357008,0.7077579437695172,0.6672189293599556,-0.03382668836704135,-0.17167993883170096,0.05020392075872153,-0.0086885152924547,0.006626713574458626,0.9077328900871823,0.1241585041848305,0.3318166969873205,0.14265170231977944,0.5627514173751933,-0.031472901631603364
478de1ce-d7e7-4221-9365-2abdc6e88fb6,5c0c560e-9e1f-45e9-b66e-e4ee7855be84,ae_filterbank_48,0.5720496657193588,0.37387755937068706,0.46878280306698317,0.6767572808020978,0.6254712214876057,0.017899167629958402,-0.04934718870276853,0.06184643269440818,-0.007840706729130599,-0.002885426392762073,0.8390641241129881,0.1214276367966039,0.487817956668485,0.18605905533758144,0.5433877060893465,0.0039344556999410755
478de1ce-d7e7-4221-9365-2abdc6e88fb6,5c0c560e-9e1f-45e9-b66e-e4ee7855be84,ae_global_48,0.7023046187595867,0.4303526614771061,0.5770916649102642,0.7919871600036277,0.7431329234285857,0.11273258494876412,-0.08908917868240827,0.13843514112819005,0.10629085019551762,0.09900539602540741,0.7268528981769122,0.3889090379598021,0.9196813737696372,0.30875660807040883,0.6489738057158341,0.07347495872309419
478de1ce-d7e7-4221-9365-2abdc6e88fb6,5c0c560e-9e1f-45e9-b66e-e4ee7855be84,ae_masked_48,0.6589225588544435,0.3510291814894342,0.5492937815822684,0.7293103378370275,0.6815375884181597,0.034652025277765675,-0.11814665454064915,0.0830720659416969,0.035054852633760125,0.0375081791648809,0.3306763888701932,0.13929505859621172,0.4962192697510365,0.14581260284518932,0.5940186896362667,0.01442809369549089
478de1ce-d7e7-4221-9365-2abdc6e88fb6,5c0c560e-9e1f-45e9-b66e-e4ee7855be84,ae_waveamp_48,0.6721963988006406,0.3536388710572792,0.5278574090848306,0.7312764636470743,0.6982164851467185,0.0718436028468873,-0.28835858440056017,0.0731912074326797,-0.011510012043035478,0.009272058074518696,0.9671686325847346,0.22652567623783143,0.49818452666090807,0.1230489111754482,0.5966371255473086,-0.02911234561790199
478de1ce-d7e7-4221-9365-2abdc6e88fb6,5c0c560e-9e1f-45e9-b66e-e4ee7855be84,group_pca_pooled_48,0.6561471644253327,0.38867969472254554,0.5652329879637601,0.740792540335299,0.6914591583394595,0.1016912955038383,-0.21929224617037107,0.075368395268734,0.0886376844202305,0.06621016241537375,0.024656915574052952,0.5776192954539165,0.9861808487404562,0.3888295092373631,0.6084623091572794,0.022523058287561095
478de1ce-d7e7-4221-9365-2abdc6e88fb6,5c0c560e-9e1f-45e9-b66e-e4ee7855be84,group_pca_weighted_48,0.6216713806286983,0.3401246854366565,0.5266099436360816,0.7151974924021007,0.6838086676478176,0.03366046454350102,-0.11727826166569058,0.06354170393477132,-0.022379897242852748,-0.017394938541574173,0.96708428597076,0.5002389050556934,0.8281679008223847,0.3014294520113794,0.5774824339502709,-0.011970185794369032
478de1ce-d7e7-4221-9365-2abdc6e88fb6,5c0c560e-9e1f-45e9-b66e-e4ee7855be84,group_wave+amp1_pooled,0.6216611442577403,0.3390864272886869,0.5263532678260211,0.7153397517212052,0.6833881289652389,0.03408785391572515,-0.11830538634386803,0.061812403975852706,-0.018619874170757375,-0.01461873173888205,0.9670813622909161,0.5003748658810779,0.8279055114504406,0.3012847192748678,0.5771657440117784,-0.011128746872385919
478de1ce-d7e7-4221-9365-2abdc6e88fb6,5c0c560e-9e1f-45e9-b66e-e4ee7855be84,waveform+gamma_48,0.6123932797797036,0.35093755382878633,0.5145650499529024,0.7049732352479275,0.6539974393718964,0.12940866052228178,-0.1826415313149548,0.16389785758116343,0.11630475126487477,0.11785828920882763,0.9672021953940697,0.3841508798463253,0.5667330344778264,0.30366528451399266,0.5673733116362433,0.06896560545243856
4836a465-c691-4852-a0b1-dcd2b1ce38a1,caa5dddc-9290-4e27-9f5e-575ba3598614,ae_anatomy_48,0.3479939800861401,0.3031775223505255,0.42627290874217894,0.6880221334021196,0.6645305951914849,-0.07473697529480933,0.1073122367743361,-0.11435979078879069,-0.10260812285162058,-0.0844224548904794,0.9301487323327248,0.42121467296861453,0.7267704361038294,0.43103501054900595,0.48599942795448986,-0.05376302141027278
4836a465-c691-4852-a0b1-dcd2b1ce38a1,caa5dddc-9290-4e27-9f5e-575ba3598614,ae_depth_48,0.345072883359858,0.28536157390070305,0.4375216387199612,0.6660460521178102,0.6511110385082539,-0.08882559661716935,0.14275439284563168,-0.10975971546896017,-0.09153943598369307,-0.0827002629064153,0.8534957495990887,0.40050742117877464,0.5810211872114652,0.3257102695559086,0.47702263732131733,-0.04601412362612124
4836a465-c691-4852-a0b1-dcd2b1ce38a1,caa5dddc-9290-4e27-9f5e-575ba3598614,ae_filterbank_48,0.23464980250007011,0.22853453092129622,0.2812858509371906,0.6324175227723268,0.6165766621839626,-0.0025611115822524264,0.06339875780477805,-0.0712605924700415,-0.03230402894576895,-0.054094899465663926,0.8792833784897398,0.12163879392704113,0.38365072841858966,0.1392269231571602,0.39869287386296925,-0.019364374931789753
4836a465-c691-4852-a0b1-dcd2b1ce38a1,caa5dddc-9290-4e27-9f5e-575ba3598614,ae_global_48,0.38715431518853427,0.29083088115827715,0.5068824787870431,0.7406993238640975,0.7209746901307407,-0.11580886979691327,0.12741773802033884,-0.1481885660978886,-0.09374936164389343,-0.12621434522704547,0.4585801485123224,0.3930528457257111,0.8916600977106582,0.47087338592823785,0.5293083378257386,-0.07130868094908038
4836a465-c691-4852-a0b1-dcd2b1ce38a1,caa5dddc-9290-4e27-9f5e-575ba3598614,ae_masked_48,0.3116943381110996,0.2970863139882014,0.44354006682962627,0.7051903803073183,0.6830486509706855,-0.08636481295664003,0.13077484387207775,-0.1262738555959077,-0.07796897508882794,-0.0637696927320903,0.9235416750872023,0.3632601537440109,0.7695761687598974,0.42012875580873277,0.48811195004138613,-0.04472049850027764
4836a465-c691-4852-a0b1-dcd2b1ce38a1,caa5dddc-9290-4e27-9f5e-575ba3598614,ae_waveamp_48,0.2981114587138387,0.24075320784227353,0.40703051801227047,0.6869824289398474,0.667315428264412,-0.08934577260106,0.018350456123016924,-0.13331744659692502,-0.1008104035345364,-0.12507038722152747,0.9826119852224362,0.42372799388046445,0.5043340947263418,0.23428305682310735,0.4600386083545285,-0.0860387107662064
4836a465-c691-4852-a0b1-dcd2b1ce38a1,caa5dddc-9290-4e27-9f5e-575ba3598614,group_pca_pooled_48,0.40207464112933905,0.23288307473571682,0.5004416050892031,0.7114929603972693,0.6926911068122924,-0.11272767676831755,0.07874584184910215,-0.10533895629647665,-0.15262165712910467,-0.1840148648922254,0.12115586964556008,0.7546286420212919,0.9901084042601817,0.5856961623609325,0.5079166776327642,-0.09519146264740443
4836a465-c691-4852-a0b1-dcd2b1ce38a1,caa5dddc-9290-4e27-9f5e-575ba3598614,group_pca_weighted_48,0.3258278628299177,0.24581201293456173,0.433009186634721,0.7230959718150499,0.701773282317775,-0.10928113859508998,0.008985491901547779,-0.11651093472344128,-0.10459388963432315,-0.13908148637352624,0.9823489091378931,0.7122529441266655,0.8887968380712752,0.5172070491023636,0.48590366330640505,-0.09209639148496658
4836a465-c691-4852-a0b1-dcd2b1ce38a1,caa5dddc-9290-4e27-9f5e-575ba3598614,group_wave+amp1_pooled,0.3200966101303163,0.24238100450030492,0.43330418109040264,0.7226469350568958,0.7021693902506942,-0.10922237067194313,0.012302430357909025,-0.1168013001731095,-0.10644150227452247,-0.13968004670727452,0.9823499061456463,0.7123146489059292,0.8889863032460806,0.5168796113000345,0.48411962420572274,-0.09196855789378812
4836a465-c691-4852-a0b1-dcd2b1ce38a1,caa5dddc-9290-4e27-9f5e-575ba3598614,waveform+gamma_48,0.04996123375491558,0.0558385688672666,0.10064787021089795,0.4525136120005886,0.43974904690319366,-0.004800921185909676,0.024498316884013174,-0.04608812078147965,0.005555208693665473,0.017088161108109273,0.9827522155415278,0.0655315081287024,0.0654614469808149,-0.008496952297206425,0.2197420663473725,-0.0007494710563202813
4ea45238-55b1-4d54-ba92-efa47feb9f57,f819d499-8bf7-4da0-a431-15377a8319d5,ae_anatomy_48,0.4836498696468462,0.43811919850532965,0.6485525118418877,0.8646510267442491,0.8680036246345046,-0.0002127440203194466,0.03940395189648255,0.16354978380714513,0.05295277209969725,0.0715499101791386,0.738951245864667,0.31229311681126815,0.8256699422027431,0.39296126217402827,0.6605952462745635,0.06544873479242881
4ea45238-55b1-4d54-ba92-efa47feb9f57,f819d499-8bf7-4da0-a431-15377a8319d5,ae_depth_48,0.456634879822685,0.4515341837909106,0.647254509590592,0.8560605893195661,0.8569719852211426,-0.028203978760912227,-0.036336993613332196,0.1457589010510434,0.07612201291457343,0.08664883861972489,0.8682439724351919,0.31242818002536443,0.8311338093200339,0.3568278217478043,0.6536912295489793,0.04879775604221946
4ea45238-55b1-4d54-ba92-efa47feb9f57,f819d499-8bf7-4da0-a431-15377a8319d5,ae_filterbank_48,0.4334614116194099,0.34795222890644384,0.6700887938145352,0.8140353330980374,0.8137091217727169,0.04075185551907305,0.03222742170046665,0.14947150031097328,0.09077068677797642,0.09738419998242555,0.8049096281332716,0.20726816950468005,0.6724791759608146,0.24526648585222205,0.6158493778422287,0.08212113285818298
4ea45238-55b1-4d54-ba92-efa47feb9f57,f819d499-8bf7-4da0-a431-15377a8319d5,ae_global_48,0.5227590170634832,0.4939472839623725,0.6399613203421376,0.8711933903575507,0.8709400946214105,-0.06653868569900323,-0.04005940065035052,0.1523378094892937,0.03257639477747628,0.04587585782567396,0.6445674495002659,0.30563841502456207,0.9200600274412234,0.37366790830652175,0.6797602212693908,0.02483839514861804
4ea45238-55b1-4d54-ba92-efa47feb9f57,f819d499-8bf7-4da0-a431-15377a8319d5,ae_masked_48,0.453349453024763,0.4304520668145445,0.6301436090133172,0.8612027659863929,0.8683440136102367,-0.049739711378559856,-0.019591363345769,0.15105051788510815,0.0492208142905004,0.05594748000395005,0.8397790511698314,0.3181695905019746,0.851335162602153,0.389724567827869,0.6486983816898508,0.03737754749104595
4ea45238-55b1-4d54-ba92-efa47feb9f57,f819d499-8bf7-4da0-a431-15377a8319d5,ae_waveamp_48,0.4250237894381168,0.3595882967521441,0.6128387144689322,0.8414389327216727,0.8434133884695841,0.0274323733808191,0.03350709654403633,0.15448667671434813,0.04549565609740018,0.06271424591967505,0.933694828122113,0.2700518076428859,0.6547413357786872,0.2199923027925594,0.61646062437009,0.06472720973125576
4ea45238-55b1-4d54-ba92-efa47feb9f57,f819d499-8bf7-4da0-a431-15377a8319d5,group_pca_pooled_48,0.5121574610131678,0.4540322560604044,0.6136227748177184,0.8577136034359347,0.8574469515977607,-0.04607649409461545,0.017946437758905504,0.1546840253360081,0.042979882377413,0.0325114584872215,0.13742190407681384,0.4678376741611989,0.9886068397001035,0.5167763662601621,0.6589946093849972,0.040409061972986535
4ea45238-55b1-4d54-ba92-efa47feb9f57,f819d499-8bf7-4da0-a431-15377a8319d5,group_pca_weighted_48,0.5041950476941237,0.48013302605812,0.6285630782055406,0.8620939554472746,0.8641758782714555,-0.035494263324911825,0.08431672109458083,0.1609959266829159,0.053026097233887,0.06407594043931965,0.93324226209926,0.42818814153823437,0.8902121514465591,0.42617134664475537,0.667832197135303,0.0653840844251583
4ea45238-55b1-4d54-ba92-efa47feb9f57,f819d499-8bf7-4da0-a431-15377a8319d5,group_wave+amp1_pooled,0.5034613203847034,0.480406055495295,0.6287306909570721,0.8620553362360772,0.8641680308697657,-0.0334497659033737,0.08435631662341236,0.16086311976512552,0.05307438213412108,0.06412277241584075,0.9332143955421405,0.4281143798525848,0.8900577183210677,0.42599328643756407,0.6677642867885827,0.06579336500702519
4ea45238-55b1-4d54-ba92-efa47feb9f57,f819d499-8bf7-4da0-a431-15377a8319d5,waveform+gamma_48,0.4565368607397073,0.5443223436740442,0.6356877440028003,0.8466421173507445,0.8566551203464505,-0.1120148677965297,0.10793674904903014,0.1333841811570781,0.01885156068691908,0.03540599143442338,0.9333020401052888,0.3969642314435367,0.7864974810113992,0.44274563037199355,0.6679688372227492,0.0367127229061842
50445b30-f4ef-4405-b014-1d792ddfed88,a6fe44a8-07ab-49b8-81f9-e18575aa85cc,ae_anatomy_48,0.4737384900141514,0.590708846362732,0.4929995512219456,0.7202736176806019,0.7386627034055795,-0.0780765722110376,-0.1753453870595274,0.054986463293967974,0.10138282299391374,0.08313498764084885,0.8744090428166065,0.27756153996303673,0.7012829804606503,0.2755097195891997,0.6032766417370021,-0.002783537068366884
50445b30-f4ef-4405-b014-1d792ddfed88,a6fe44a8-07ab-49b8-81f9-e18575aa85cc,ae_depth_48,0.4796713208939013,0.6092698955921492,0.4839993177518115,0.7087786912345578,0.7412808591375926,-0.07739304716393122,-0.16383828971292713,0.0559936583707385,0.07558686225581368,0.06060025555082295,0.8358017812592285,0.26459425340937914,0.7297199653998296,0.2946580395191297,0.6046000169220024,-0.009810112139896646
50445b30-f4ef-4405-b014-1d792ddfed88,a6fe44a8-07ab-49b8-81f9-e18575aa85cc,ae_filterbank_48,0.454610089958543,0.5205844082290556,0.4776081483628347,0.6816517710544374,0.709423148951668,-0.08941507148524233,-0.20077632632110784,0.04115734573818755,0.08563150970612046,0.0682440223228051,0.916516248657265,0.19943267234540632,0.7501380708840119,0.2427834571302111,0.5687755133113077,-0.01903170400784741
50445b30-f4ef-4405-b014-1d792ddfed88,a6fe44a8-07ab-49b8-81f9-e18575aa85cc,ae_global_48,0.5109576004426176,0.6251908625758313,0.5466877115887023,0.72919198583317,0.7611587022289263,-0.10790231478355168,-0.1616358170021375,0.044295521402170045,0.06848435963886396,0.07019178169309717,0.7531892596685121,0.4145419557103342,0.913807760558056,0.47834837577869216,0.6346373725338494,-0.017313293810311603
50445b30-f4ef-4405-b014-1d792ddfed88,a6fe44a8-07ab-49b8-81f9-e18575aa85cc,ae_masked_48,0.48471378320448877,0.5946163894647503,0.4969511225663465,0.6788330667609563,0.7158597868142496,-0.07422783055314588,-0.16846819062371782,0.060882911219889396,0.11562387829935789,0.10720018131569709,0.848324383937627,0.24157288501819502,0.7681500299691753,0.27570370337925404,0.5941948297621582,0.008202189931616134
50445b30-f4ef-4405-b014-1d792ddfed88,a6fe44a8-07ab-49b8-81f9-e18575aa85cc,ae_waveamp_48,0.47859968624043836,0.6164078668499979,0.4981211902545956,0.7165026582732772,0.7460207379431137,-0.07117813190920205,-0.18833499667831638,0.030690026071633774,0.07943903427917832,0.043441793060656694,0.9521661619521102,0.258492920003852,0.607745722051913,0.23343218180445297,0.6111304279122847,-0.02118845503520992
50445b30-f4ef-4405-b014-1d792ddfed88,a6fe44a8-07ab-49b8-81f9-e18575aa85cc,group_pca_pooled_48,0.4870584297121576,0.6452077424467249,0.531680155918527,0.691829613279904,0.7414813930014743,-0.08864720067478563,-0.19700681408409243,0.054425004768777666,0.10738152273911336,0.08965259246967515,-0.06919839593449087,0.5633417298995889,0.992169217012195,0.5444193242893157,0.6194514668717576,-0.006838978956262384
50445b30-f4ef-4405-b014-1d792ddfed88,a6fe44a8-07ab-49b8-81f9-e18575aa85cc,group_pca_weighted_48,0.4902633558757744,0.5895575125978302,0.5140829378131104,0.7386183525291611,0.771141032345728,-0.1054024961593272,-0.19361111587201374,0.051679289477178106,0.10735970644563464,0.09530348727477783,0.9515855272495417,0.4590282037513629,0.8721249216911262,0.42018713453409495,0.6207326382323208,-0.00893422576675007
50445b30-f4ef-4405-b014-1d792ddfed88,a6fe44a8-07ab-49b8-81f9-e18575aa85cc,group_wave+amp1_pooled,0.49039976635291266,0.5896043890875201,0.5141400777016609,0.7389003002640597,0.7712391862093577,-0.10586247658880066,-0.19346454338592484,0.05192346792835005,0.10731815980646486,0.09527064101916509,0.9517196637941862,0.4590210666847452,0.8720305677833391,0.4200222843868552,0.6208567439231022,-0.008962950244149096
50445b30-f4ef-4405-b014-1d792ddfed88,a6fe44a8-07ab-49b8-81f9-e18575aa85cc,waveform+gamma_48,0.4975767371406288,0.4590993985308658,0.520010064274933,0.7298133116949013,0.7520773188180543,-0.083600966313342,-0.10879460224440907,0.04331265498576883,0.0692962435801724,0.06582918698067655,0.9521336148668803,0.33959917391611427,0.85201773617321,0.5384995463416711,0.5917153660918766,-0.0027914966022266592
523f8301-4f56-4faf-ab33-a9ff11331118,88224abb-5746-431f-9c17-17d7ef806e6a,ae_anatomy_48,0.6871507511014069,0.4173856130765685,0.587742269240756,0.8129719348974696,0.812804113675114,-0.05081258906835602,0.021941494662750152,0.00878104713744205,-0.049576104419192024,-0.0552641279921042,0.962173335135724,0.2579167375711471,0.7419234463650182,0.3947796393650404,0.663610936398263,-0.02498605593589201
523f8301-4f56-4faf-ab33-a9ff11331118,88224abb-5746-431f-9c17-17d7ef806e6a,ae_depth_48,0.7078125416052865,0.4239502078024966,0.5664244302712319,0.8109169626383324,0.8079193603775213,-0.0392864554085435,0.07148186203536686,-0.0076917303602801,-0.0263558220822609,-0.038257093219985175,0.8986546196206519,0.21673980702171894,0.6414368498151822,0.3272921077186213,0.6634047005389737,-0.008021847807140565
523f8301-4f56-4faf-ab33-a9ff11331118,88224abb-5746-431f-9c17-17d7ef806e6a,ae_filterbank_48,0.6749648024586711,0.47047883264492685,0.6102624115373619,0.7688925538876558,0.7607415803700375,0.05565198787482322,-0.09429863195842884,-0.011508259388811,0.02869481700768837,0.0035432843446259257,0.898300222607634,0.1513508664394908,0.4832107949822927,0.14873172704291016,0.6570680361797306,-0.0035833604240204644
523f8301-4f56-4faf-ab33-a9ff11331118,88224abb-5746-431f-9c17-17d7ef806e6a,ae_global_48,0.7301511582886768,0.48155340904539146,0.6151378268193006,0.8424050792822089,0.8354198909056039,-0.06690879104842702,0.04180456999499098,0.11842393094636394,-0.03607901689362987,-0.04925777097294207,0.5681255356652397,0.3240144603731864,0.9058123261110129,0.43121932488540243,0.7009334728682364,0.001596584405271191
523f8301-4f56-4faf-ab33-a9ff11331118,88224abb-5746-431f-9c17-17d7ef806e6a,ae_masked_48,0.6876162407426765,0.44539787633886446,0.6070233013726284,0.8016221995805384,0.8008151951907376,-0.11339305323712902,-0.003729492585225702,0.006348361968591398,-0.13948206451733966,-0.13709226737795815,0.9529213734924595,0.2582174374052387,0.77018483239421,0.4199805435743484,0.6684949626450891,-0.07746970314981223
523f8301-4f56-4faf-ab33-a9ff11331118,88224abb-5746-431f-9c17-17d7ef806e6a,ae_waveamp_48,0.6993238825905306,0.4238263682581705,0.5938361424425165,0.820264629368053,0.8112617005933034,-0.0380288456612278,0.06757161282796088,0.0031254538077715496,-0.07042131849643397,-0.06703458504021952,0.9952996967505735,0.33723023527327867,0.5169587119404495,0.15453070279939665,0.6697025446505147,-0.02095753651242977
523f8301-4f56-4faf-ab33-a9ff11331118,88224abb-5746-431f-9c17-17d7ef806e6a,group_pca_pooled_48,0.6887206042226361,0.520355719384573,0.5766377127710937,0.8215799790552966,0.8015856550637048,-0.05820197237538462,-0.03368880223503147,0.12728290918769095,-0.055997635673386725,-0.08620491595095588,0.20213343539890527,0.5955385062447214,0.9891315902762116,0.5409098599187536,0.6817759340994608,-0.02136208340941355
523f8301-4f56-4faf-ab33-a9ff11331118,88224abb-5746-431f-9c17-17d7ef806e6a,group_pca_weighted_48,0.71914338062758,0.48582511982869525,0.631286583951307,0.8331452115663696,0.8186579348632834,-0.056553294517818875,-0.09153365249888956,0.037256460690739325,-0.07534174135467653,-0.10962670201810902,0.9952675305861867,0.5082960970029621,0.8750700228477559,0.4773377553695967,0.6976116461674471,-0.05915978593975093
523f8301-4f56-4faf-ab33-a9ff11331118,88224abb-5746-431f-9c17-17d7ef806e6a,group_wave+amp1_pooled,0.7193728581845907,0.4856288347383995,0.6308283230801224,0.83312903642544,0.8186865588608979,-0.0596816394824095,-0.0908703209079367,0.038719476695577626,-0.07770950520482323,-0.1124404872327615,0.9952736528988507,0.5087757650198581,0.8750850414246356,0.4770790469425283,0.6975291222578901,-0.060396495226470656
523f8301-4f56-4faf-ab33-a9ff11331118,88224abb-5746-431f-9c17-17d7ef806e6a,waveform+gamma_48,0.4962309365942953,0.2649445556602842,0.5248039734831048,0.5652943632174596,0.5546871617223605,-0.0079218696820007,0.03266414357313267,0.018156073249590426,-0.031607464113946104,0.00040487456004317454,0.9953774337677662,0.12278202301284463,0.17057181500675764,0.04127945776581592,0.48119219813550085,0.0023391515173638933
63517fd4-ece1-49eb-9259-371dc30b1dd6,4a45c8ba-db6f-4f11-9403-56e06a33dfa4,ae_anatomy_48,0.7191752991459981,0.6510713467267917,0.5908214973267784,0.6979002132362083,0.6711656128472265,-0.05062660406489945,0.02130676021738872,-0.001534319247320151,-0.10882395189731259,-0.08383395760689012,0.9474399366640777,0.20117135928118954,0.6539382997262033,0.21452862555808502,0.6660267938566007,-0.04470241451980672
63517fd4-ece1-49eb-9259-371dc30b1dd6,4a45c8ba-db6f-4f11-9403-56e06a33dfa4,ae_depth_48,0.7311413128670756,0.6857112017436595,0.6178942873526225,0.7201393757214603,0.6998700585294544,-0.01109768628995755,0.11162364880792167,0.026984367907045274,-0.0514389634416162,-0.040786252874106074,0.924276179921412,0.20125288593171897,0.7079702776136356,0.21388031368813176,0.6909512472428545,0.0070570228218574255
63517fd4-ece1-49eb-9259-371dc30b1dd6,4a45c8ba-db6f-4f11-9403-56e06a33dfa4,ae_filterbank_48,0.7534492217624972,0.6412475990399286,0.6261664905415774,0.7580899134597909,0.7309744133364423,-0.04867636843987555,-0.050235999579561624,0.06042632131900266,-0.056682159118780176,-0.10135647515403655,0.9261696610354361,0.1904565354907215,0.7172039903144327,0.18921748054191573,0.7019855276280473,-0.039304936194650246
63517fd4-ece1-49eb-9259-371dc30b1dd6,4a45c8ba-db6f-4f11-9403-56e06a33dfa4,ae_global_48,0.8136632611146306,0.7131708994719171,0.6457838292156554,0.7832721724561794,0.7706853141596066,-0.13695327625709314,-0.001691627290832725,-0.0033474107281324028,-0.14365255461972506,-0.12290101188378287,0.8097468692009628,0.33819004451527945,0.9232526196624414,0.360146403725094,0.7453150952835979,-0.08170917615591325
63517fd4-ece1-49eb-9259-371dc30b1dd6,4a45c8ba-db6f-4f11-9403-56e06a33dfa4,ae_masked_48,0.761394647942074,0.6786235295407572,0.6468658299936985,0.730500869188916,0.7128910791366819,-0.03780795112610063,0.06558227458136662,0.043015054109795,-0.0789109147778255,-0.046866186364157375,0.8338557383317318,0.22576212232159232,0.8364069205187453,0.3291763112103438,0.7060551911604256,-0.010997544715384378
63517fd4-ece1-49eb-9259-371dc30b1dd6,4a45c8ba-db6f-4f11-9403-56e06a33dfa4,ae_waveamp_48,0.709569579970206,0.663520875747249,0.6232368931764878,0.722553106586519,0.7021122553488086,0.033142278955486375,-0.10160738082441217,-0.020698089076849776,-0.032234308852950026,-0.03657857364647188,0.9848046378181683,0.20943400470356066,0.4111362402144417,0.07904734158019924,0.6841985421658541,-0.031595214689039496
63517fd4-ece1-49eb-9259-371dc30b1dd6,4a45c8ba-db6f-4f11-9403-56e06a33dfa4,group_pca_pooled_48,0.813489072668862,0.7258340604495811,0.6443504797460754,0.7564357822478676,0.7345052349793563,-0.12059788229678603,-0.030897313882904148,-0.021357262136751848,-0.17280857308523923,-0.20059655781871188,0.17766862008179723,0.5027763088279773,0.9869640613641127,0.42541097501672154,0.7349229260183485,-0.10925151784407863
63517fd4-ece1-49eb-9259-371dc30b1dd6,4a45c8ba-db6f-4f11-9403-56e06a33dfa4,group_pca_weighted_48,0.80387019719296,0.693122761536651,0.6359435023177495,0.7540212840073535,0.7366253943374204,-0.14854758143755997,-0.14654600546168345,-0.09948483474836015,-0.16954463231127417,-0.23275489557138962,0.9846561095258858,0.42036822785242556,0.86948848643091,0.33224483098078783,0.7247166278784268,-0.15937558990605347
63517fd4-ece1-49eb-9259-371dc30b1dd6,4a45c8ba-db6f-4f11-9403-56e06a33dfa4,group_wave+amp1_pooled,0.8038507545007223,0.6921399600501857,0.6349104184908378,0.7539614183663341,0.7362695812814262,-0.15094864901944482,-0.14617499374649373,-0.10290684172697588,-0.1649980475206693,-0.2346610308798662,0.9846883295340887,0.4209790912059822,0.8693637706492712,0.3317185447945298,0.7242264265379013,-0.15993791257869
63517fd4-ece1-49eb-9259-371dc30b1dd6,4a45c8ba-db6f-4f11-9403-56e06a33dfa4,waveform+gamma_48,0.2904303285170117,0.12201672581832176,0.34258647802213243,0.3717111449416211,0.36878431165240233,-0.014238616693611324,0.014047098585597774,-0.0008429665049002758,-0.0334792012422575,-0.04762600283718865,0.984994689335521,0.0719755465534007,0.0786537049551714,0.006765881948172,0.2991057977902979,-0.016427937738471995
68f06c5f-8566-4a4f-a4b1-ab8398724913,1928bf72-2002-46a6-8930-728420402e01,ae_anatomy_48,0.5130500371603115,0.4952995066516478,0.7094217905103223,0.7906078396990043,0.8192290911627839,-0.2252586412039,-0.2130762819733254,-0.19012930351227647,-0.37087700366412263,-0.37132564326682344,0.26011839640458356,0.2822411802887402,0.870645221547632,0.3525878063808344,0.665521653036814,-0.2741333747240896
68f06c5f-8566-4a4f-a4b1-ab8398724913,1928bf72-2002-46a6-8930-728420402e01,ae_depth_48,0.51239708467102,0.50659681666975,0.6701755295175081,0.7933957522980644,0.8037454919574375,-0.2224962093956093,-0.21658962721466424,-0.18500517699093152,-0.315412810720041,-0.3374475764182579,0.3177591318209651,0.26910879866892795,0.8734083415162373,0.3735127301274647,0.6572621350227561,-0.2553902801479008
68f06c5f-8566-4a4f-a4b1-ab8398724913,1928bf72-2002-46a6-8930-728420402e01,ae_filterbank_48,0.48317192867796166,0.4953498358270787,0.6899171920453803,0.7635709592211821,0.7827773522712649,-0.2343605619440491,-0.08925318508177271,-0.18114794833201872,-0.18298096340076528,-0.27524858899613547,0.29972309331380725,0.17781621819479115,0.6064227874066407,0.12686421149780916,0.6429574536085736,-0.19259824955094826
68f06c5f-8566-4a4f-a4b1-ab8398724913,1928bf72-2002-46a6-8930-728420402e01,ae_global_48,0.501963248583168,0.5741490581471385,0.6801544195424672,0.824237778523495,0.8416621703596575,-0.23807988123421675,-0.2278987806965415,-0.18761410664449224,-0.3849539141018215,-0.382686854216823,0.1515059714005812,0.2823576133413346,0.952327192697731,0.3803367176596978,0.6844333350311852,-0.284246707378779
68f06c5f-8566-4a4f-a4b1-ab8398724913,1928bf72-2002-46a6-8930-728420402e01,ae_masked_48,0.497311703092861,0.512422385933193,0.691315104285248,0.8322745269793366,0.8346757417331396,-0.2412565332409285,-0.23199102570988558,-0.20316440242020492,-0.35673433169008184,-0.3732699363926587,0.30673063578079524,0.28021779551654563,0.9140586552092957,0.37411991947533285,0.6735998924047556,-0.28128324589075193
68f06c5f-8566-4a4f-a4b1-ab8398724913,1928bf72-2002-46a6-8930-728420402e01,ae_waveamp_48,0.49985100103820373,0.4449200981165674,0.6615734740240444,0.8350577112706817,0.8481845613206108,-0.23641938717063038,-0.24236032341380528,-0.2034558263615961,-0.3990867365593201,-0.40842083639943133,0.3401774669692849,0.2521779959987195,0.7556005575600413,0.25177760334061683,0.6579173691540217,-0.2979486219809566
68f06c5f-8566-4a4f-a4b1-ab8398724913,1928bf72-2002-46a6-8930-728420402e01,group_pca_pooled_48,0.5020197946754763,0.5763678902069781,0.6869189126759503,0.821853387672808,0.836724298202945,-0.2418061616206919,-0.22403804497718682,-0.1968948396461952,-0.40572286060138596,-0.4110636196476647,0.006932644991672475,0.4368876158252267,0.9899803471617624,0.4754799969498297,0.6847768566868316,-0.2959051052986249
68f06c5f-8566-4a4f-a4b1-ab8398724913,1928bf72-2002-46a6-8930-728420402e01,group_pca_weighted_48,0.49106398854147576,0.47965969452623136,0.6945651760279905,0.8244998162091295,0.8342411051265398,-0.23020415146652906,-0.21083333456542466,-0.18827016839928745,-0.31910143472907776,-0.35194779943548754,0.3471144441137717,0.36071622641375367,0.8922208720700624,0.3757810280831704,0.6648059560862734,-0.26007137771916133
68f06c5f-8566-4a4f-a4b1-ab8398724913,1928bf72-2002-46a6-8930-728420402e01,group_wave+amp1_pooled,0.4912358482724428,0.47953558727791523,0.6945589906542626,0.8244518150192545,0.8341518521286015,-0.23022073625360429,-0.2106565817854506,-0.18861688226144036,-0.319021311411247,-0.3515370039271906,0.3471228974935874,0.36072932716195166,0.8922541854612199,0.37558805590240973,0.6647868186704953,-0.26001050312778656
68f06c5f-8566-4a4f-a4b1-ab8398724913,1928bf72-2002-46a6-8930-728420402e01,waveform+gamma_48,0.5251651259197314,0.5434516531693849,0.66463102523952,0.8482046022272653,0.8560161284991893,-0.20158544848754215,-0.1844318176078707,-0.19209198279071238,-0.32717589239211503,-0.3363051241121221,0.3421276449785723,0.37270801936068537,0.7966200274656293,0.3958777652002679,0.6874937070110182,-0.2483180530780725
6a098711-5423-4072-8909-7cff0e2d4531,75b6b132-d998-4fba-8482-961418ac957d,ae_anatomy_48,0.528447002350265,0.557003252846609,0.6511042004019731,0.7191728387116223,0.6789396420616217,-0.08211792762842912,-0.04435336219811478,-0.0831618334677494,-0.06914505078597175,-0.03951313048619938,0.784254424417901,0.15096199306252528,0.7189089777363137,0.31086293375995216,0.6269333872744183,-0.06365826091329288
6a098711-5423-4072-8909-7cff0e2d4531,75b6b132-d998-4fba-8482-961418ac957d,ae_depth_48,0.5121492267654804,0.4725152335228414,0.6435177705905673,0.6937908823905297,0.6403860376346634,-0.07846083217868645,-0.024132709938325152,-0.11140871849254158,-0.06910137703435282,-0.04992439358912148,0.7819096902029737,0.09076802276336278,0.4842409643644953,0.2323576472908236,0.5924718301808164,-0.0666056062466055
6a098711-5423-4072-8909-7cff0e2d4531,75b6b132-d998-4fba-8482-961418ac957d,ae_filterbank_48,0.5897500520198735,0.564275699746718,0.638323496263973,0.7467446713487074,0.6960500713235314,-0.0088774100419491,-0.029563361241583277,-0.17782409928397624,-0.037451487387582555,0.028591923860416823,0.7885230823204146,0.1120638665482579,0.6284685426238467,0.24541816388110663,0.6470287981405607,-0.04502488681893487
6a098711-5423-4072-8909-7cff0e2d4531,75b6b132-d998-4fba-8482-961418ac957d,ae_global_48,0.5567902542308453,0.6120719395848843,0.6570436934756354,0.7224085167273021,0.6586231596323007,0.009488854533346705,-0.2223835453189355,-0.09478325694264447,-0.08649533960281175,-0.028694221914216077,0.7457825296704488,0.22718414854267882,0.9269407558028036,0.384389129585087,0.6413875127301936,-0.08457350184905223
6a098711-5423-4072-8909-7cff0e2d4531,75b6b132-d998-4fba-8482-961418ac957d,ae_masked_48,0.522803601267475,0.5945043401972611,0.6639074463807427,0.7260824409946202,0.6637831417721243,-0.028664758891024624,-0.03688710930426416,-0.01756108880583032,-0.09648099533278615,-0.024295168203669875,0.49607222822884345,0.10687731814629678,0.6532858929869045,0.24461818206353764,0.6342161941224447,-0.04077782410751502
6a098711-5423-4072-8909-7cff0e2d4531,75b6b132-d998-4fba-8482-961418ac957d,ae_waveamp_48,0.4857696387416943,0.5041503381886506,0.644452086069735,0.6999873788827288,0.6557183663532459,-0.0014575635073905747,0.0845259208681344,-0.07115364116598155,-0.07465030893610783,-0.0587066326282268,0.8386441865966946,0.16541320282121894,0.4633696413171713,0.18008810117084972,0.5980155616472109,-0.02428844507391447
6a098711-5423-4072-8909-7cff0e2d4531,75b6b132-d998-4fba-8482-961418ac957d,group_pca_pooled_48,0.5579520363023025,0.5994224087398461,0.6110335091691915,0.6813919368029976,0.6018341117108204,0.03721077486936075,-0.20191416313326263,-0.05501131170972352,-0.09827921502736348,-0.0361079497457955,0.14697449235687832,0.4209009826323457,0.9781989877716943,0.48093882245711866,0.6103268005450315,-0.07082037294935688
6a098711-5423-4072-8909-7cff0e2d4531,75b6b132-d998-4fba-8482-961418ac957d,group_pca_weighted_48,0.5759522151498098,0.367329104954849,0.6457863765849303,0.72273202785657,0.6732300150029019,0.0283338652751341,-0.24512517580972892,-0.12729749824607656,-0.05775760170606188,0.0050977240356898,0.8373277624509445,0.27482261986064976,0.78804634776763,0.33720570192113697,0.5970059479098122,-0.0793497372902087
6a098711-5423-4072-8909-7cff0e2d4531,75b6b132-d998-4fba-8482-961418ac957d,group_wave+amp1_pooled,0.5756178289673963,0.365903403111943,0.6451193919315703,0.7224543589640718,0.6728199331191534,0.031939651049249645,-0.24441939943974128,-0.12529769276325223,-0.05309485932753578,0.009764978642408002,0.838063040228658,0.27457099019524306,0.7883817506081052,0.3374834283745039,0.596382983218827,-0.07622146436777433
6a098711-5423-4072-8909-7cff0e2d4531,75b6b132-d998-4fba-8482-961418ac957d,waveform+gamma_48,0.4883959578734444,0.31517735707698386,0.6059300412067286,0.6402473205149075,0.6067837603561663,-0.06815821137113015,0.03528625298696882,-0.0778167025740804,-0.08359314266302847,-0.03635725697586983,0.8417416458293406,0.08645118668624413,0.3245184764089985,0.05135803986104812,0.5313068874056462,-0.046127812119428006
70da415f-444d-4148-ade7-a1f58a16fcf8,781b35fd-e1f0-4d14-b2bb-95b7263082bb,ae_anatomy_48,0.3972341963879037,0.41641647070912446,0.4710660939352858,0.6114530537492718,0.6052456675721258,-0.0949456024477841,0.035823175587000426,-0.0688638847726796,-0.16127710594480008,-0.1865036939669705,0.9588919875784936,0.2194183459926318,0.44931673952201107,0.20344934900850226,0.5002830964707423,-0.09515342230904678
70da415f-444d-4148-ade7-a1f58a16fcf8,781b35fd-e1f0-4d14-b2bb-95b7263082bb,ae_depth_48,0.3768340368627252,0.4602170027677193,0.4736037788027539,0.6130424756776394,0.5951600227319978,-0.07109112450869352,0.0289135412673414,-0.08950234790989103,-0.15012875780068405,-0.17432878899901655,0.9505039329719109,0.23990137388401778,0.5059193608201649,0.21746342158532533,0.503771463368567,-0.09122749559018875
70da415f-444d-4148-ade7-a1f58a16fcf8,781b35fd-e1f0-4d14-b2bb-95b7263082bb,ae_filterbank_48,0.316462865682602,0.5599438367964475,0.5098082685545827,0.6864763093057826,0.6726944563874669,-0.09122053242245008,0.04381055656846303,-0.03165566345628148,-0.018154201996125777,0.0017969364371901962,0.9383350036599521,0.17552945697189395,0.5070445815998778,0.19426687412316068,0.5490771473453764,-0.01908458097384082
70da415f-444d-4148-ade7-a1f58a16fcf8,781b35fd-e1f0-4d14-b2bb-95b7263082bb,ae_global_48,0.41937331761461927,0.5052551699336925,0.5090494805890711,0.6635627338482861,0.644355746720113,-0.1088777316715685,-0.017369560816429624,-0.04334311450912185,-0.16049545985202468,-0.14287155222616157,0.7376828846989629,0.3428917158940366,0.9157654278726566,0.3654279584419731,0.5483192897411564,-0.09459148381506124
70da415f-444d-4148-ade7-a1f58a16fcf8,781b35fd-e1f0-4d14-b2bb-95b7263082bb,ae_masked_48,0.4065283454045502,0.43596639886463767,0.4928127905363424,0.6406405202593322,0.6144818151857211,-0.1166265849239467,-0.03754569679848543,-0.0848277115469216,-0.16451918057675136,-0.18267061617040853,0.9449356264500391,0.19906144794992253,0.5468902443060939,0.2131238968396098,0.5180859740501167,-0.11723795800330272
70da415f-444d-4148-ade7-a1f58a16fcf8,781b35fd-e1f0-4d14-b2bb-95b7263082bb,ae_waveamp_48,0.34142717793372684,0.41125677869688,0.49332370746303933,0.6441963720390521,0.6341178132211437,-0.07879107745354183,-0.022507297564969973,-0.032682946319352923,-0.12419569889939915,-0.10683695397823756,0.9927082620466979,0.2525611253499483,0.3577953787981703,0.07330919510206715,0.5048643698707684,-0.07300279484310028
70da415f-444d-4148-ade7-a1f58a16fcf8,781b35fd-e1f0-4d14-b2bb-95b7263082bb,group_pca_pooled_48,0.4930697871176819,0.513457248037266,0.485402029760167,0.6578015220128226,0.6326613885090178,-0.09965963011061767,0.03147159740233338,0.055840144793753876,-0.1108759325858715,-0.10544599518939407,0.15505031593452226,0.5765308393070666,0.9844976038023558,0.42241199177166844,0.5564783950873909,-0.0457339631379592
70da415f-444d-4148-ade7-a1f58a16fcf8,781b35fd-e1f0-4d14-b2bb-95b7263082bb,group_pca_weighted_48,0.48658679477664074,0.45593065935842486,0.5066876195511689,0.6677515857079945,0.6503176038033388,-0.097754153602912,-0.013699381236234924,-0.031516738579684234,-0.05388053955140292,-0.0731778430445772,0.992688311528452,0.49714694561956213,0.7471540083631589,0.34308454137930444,0.5534548526395136,-0.05400573120296226
70da415f-444d-4148-ade7-a1f58a16fcf8,781b35fd-e1f0-4d14-b2bb-95b7263082bb,group_wave+amp1_pooled,0.4861930592493127,0.45710351715915926,0.506144040151565,0.6679187627482518,0.6503310143036133,-0.09845313616121384,-0.008665024698493649,-0.027269071253431046,-0.053424252847825926,-0.0701226668704355,0.992684091552125,0.4974714082679194,0.7478136696965516,0.3433475139839084,0.5535380787223805,-0.05158683036627999
70da415f-444d-4148-ade7-a1f58a16fcf8,781b35fd-e1f0-4d14-b2bb-95b7263082bb,waveform+gamma_48,0.24246601241214133,0.07633301177182727,0.33748952430933227,0.42535286003101413,0.452847182588119,-0.0180552177565423,-0.006339799995079101,-0.021048120227472676,-0.06395462069503025,-0.08107256412544422,0.992783607172206,0.10772673124294954,0.15677694272556836,0.018082961613972798,0.30689771822248685,-0.03809406455991371
72274871-80e5-4fb9-be1a-bb04acebb1de,69c9a415-f7fa-4208-887b-1417c1479b48,ae_anatomy_48,0.22559549571015458,0.3251816334344199,0.32789541061098954,0.47291629103862864,0.5168130114821106,-0.09462147068284932,-0.10639915361700403,0.06510386192932978,-0.07075157817013278,-0.007786589417878274,0.9015180313668539,0.47735282246010174,0.44506583445945547,0.3719029267984072,0.37368036845526065,-0.042890985991706924
72274871-80e5-4fb9-be1a-bb04acebb1de,69c9a415-f7fa-4208-887b-1417c1479b48,ae_depth_48,0.25534288203486216,0.3276682119482348,0.3422423589325758,0.42958159620252256,0.46666574405965133,-0.11955488744463212,-0.09289717490552742,0.07986295794731853,-0.08603444868299823,0.0183654665521128,0.8668259228348454,0.5997760610538656,0.6626392210087816,0.410966335898846,0.3643001586355693,-0.04005161730674529
72274871-80e5-4fb9-be1a-bb04acebb1de,69c9a415-f7fa-4208-887b-1417c1479b48,ae_filterbank_48,0.2746869960641896,0.36482234563439714,0.3904135782771125,0.45670222836435287,0.45390085168685046,-0.12042199366744294,-0.19676742685558035,0.11344665514058827,-0.08820478062443111,0.03914130081838921,0.8701965800835058,0.3853995946408646,0.5456759145893116,0.2931432058178028,0.3881052000053805,-0.05056124903769539
72274871-80e5-4fb9-be1a-bb04acebb1de,69c9a415-f7fa-4208-887b-1417c1479b48,ae_global_48,0.43172255269463844,0.4162175336490922,0.35188247763277153,0.5627603196362249,0.6055193223683408,-0.10731056988576658,-0.14355847368170913,0.1025870406330594,-0.07464827503628563,0.01317446878012395,0.7600373975945838,0.6859475686539453,0.9393751342141179,0.516577479689962,0.4736204411962136,-0.04195116183811559
72274871-80e5-4fb9-be1a-bb04acebb1de,69c9a415-f7fa-4208-887b-1417c1479b48,ae_masked_48,0.34619596302432276,0.4519114886955839,0.36572217097216925,0.5360970678881894,0.5511690326784232,-0.12772255716795908,-0.18809422909294315,0.08278890812559653,-0.09174942602280739,-0.04211260752541646,0.7000094582590382,0.599149499719709,0.8662876236492381,0.5521723356434336,0.45021914465173773,-0.07337798233670592
72274871-80e5-4fb9-be1a-bb04acebb1de,69c9a415-f7fa-4208-887b-1417c1479b48,ae_waveamp_48,0.31712660470791065,0.41473082212059864,0.37023759715840915,0.49282701978293686,0.49655173874598035,-0.020797180673576273,-0.20770183933484962,0.13564632567891707,0.06834165873465133,0.08526486794740305,0.9745984115490489,0.37918315981680983,0.4305318105602267,0.19857453966178606,0.41829475650316716,0.012150766470509111
72274871-80e5-4fb9-be1a-bb04acebb1de,69c9a415-f7fa-4208-887b-1417c1479b48,group_pca_pooled_48,0.38351781481596603,0.519568624202754,0.3133958079637615,0.5472942159118971,0.5462051281581387,-0.0979044239402654,-0.2213069178357207,0.10599440209493607,-0.08421932364712385,0.032452796591739774,0.002464491166756475,0.8182426897340814,0.9895508522506921,0.559095662778937,0.46199631821050346,-0.052996693347286815
72274871-80e5-4fb9-be1a-bb04acebb1de,69c9a415-f7fa-4208-887b-1417c1479b48,group_pca_weighted_48,0.40854106882454844,0.41634339622818034,0.4155833820423961,0.5615325816218606,0.570607239090648,-0.053761597501900474,-0.2005133036451628,0.1202265122445276,-0.034335281301401926,0.0861166641827431,0.9741271616684278,0.7651260366722932,0.886223958581595,0.467391266686213,0.4745215335615267,-0.016453401204238896
72274871-80e5-4fb9-be1a-bb04acebb1de,69c9a415-f7fa-4208-887b-1417c1479b48,group_wave+amp1_pooled,0.4087552546973783,0.4162146990414574,0.4152920395007603,0.5617337989801705,0.5825899281957105,-0.05119479547833073,-0.19990150668779938,0.12160670418773448,-0.033412904413922945,0.0863277952126668,0.9741483299562724,0.7649721943933899,0.8860085518632619,0.46641945556318504,0.4769171440830954,-0.015314941435930355
72274871-80e5-4fb9-be1a-bb04acebb1de,69c9a415-f7fa-4208-887b-1417c1479b48,waveform+gamma_48,0.30562889910070246,0.3627670988201699,0.32873898539266955,0.39426431866211775,0.41464300284689887,-0.1090866263461262,-0.15089609123898162,0.08993896276642807,-0.04017564693258247,0.07580358009362224,0.9738488112334993,0.6303408514736908,0.7631321303487896,0.5430102657219112,0.3612084609645117,-0.026883164331527997
73ff4936-8cd3-4a75-a772-f563e67d249d,ebe2efe3-e8a1-451a-8947-76ef42427cc9,ae_anatomy_48,0.40392534384144446,0.31171568990069026,0.5946644308982064,0.4677783971778394,0.7338034580061088,0.11696903586700874,0.21589923295763078,0.10282253352477436,0.15127289833592375,0.14120889043078563,0.7176130464772292,0.09126895703297562,0.567968451742398,0.16974331318989758,0.5023774639648579,0.14563451822322465
73ff4936-8cd3-4a75-a772-f563e67d249d,ebe2efe3-e8a1-451a-8947-76ef42427cc9,ae_depth_48,0.43255697948360405,0.33427493367557815,0.5959656320611193,0.4535417995558314,0.7650254237949978,0.1073170102606221,0.18140069655614866,0.08392294046450827,0.13574660732571497,0.14133207415848265,0.8513784599245674,0.0888252101018617,0.5990804523405775,0.1730178533755147,0.5162729537142261,0.12994386575309536
73ff4936-8cd3-4a75-a772-f563e67d249d,ebe2efe3-e8a1-451a-8947-76ef42427cc9,ae_filterbank_48,0.32503793797308456,0.38364675152273026,0.5486680186776437,0.387297298217467,0.5972733687856508,0.052000574887633,0.12285212790963217,0.06307402254204575,0.0909668580579134,0.0835064998790554,0.7617246054485345,0.016636382831683352,0.17607612994375726,-0.0004929830722868009,0.44838467503531526,0.08248001665525594
73ff4936-8cd3-4a75-a772-f563e67d249d,ebe2efe3-e8a1-451a-8947-76ef42427cc9,ae_global_48,0.45834124451144515,0.3161598050749726,0.6410949145685784,0.4786965190845366,0.773619238930152,0.10043690078755668,0.17250171599818634,0.1339111812130083,0.15610010248533315,0.13533899590927456,0.6049497744577756,0.09462102430401573,0.8286791711548392,0.19550459939190185,0.5335823444339369,0.1396577792786718
73ff4936-8cd3-4a75-a772-f563e67d249d,ebe2efe3-e8a1-451a-8947-76ef42427cc9,ae_masked_48,0.43679305928434,0.36056461778432525,0.5933320507026193,0.4481184976961088,0.7413005762672544,0.11644073524931597,0.29210789747334825,0.12096902806578777,0.1929430675568091,0.16227291559710594,0.8419097420754824,0.08949329271964868,0.6403599179822728,0.21029292670006897,0.5160217603469295,0.1769467287884734
73ff4936-8cd3-4a75-a772-f563e67d249d,ebe2efe3-e8a1-451a-8947-76ef42427cc9,ae_waveamp_48,0.3747147653988576,0.3317866000839439,0.527569125422933,0.4324744263487885,0.6565521250391997,0.10913622981881145,0.21326290434160344,0.08091445583756264,0.09750507694264436,0.09219065315829734,0.9130578589068995,0.05081095769533212,0.2695308444439857,0.05019232364082937,0.4646194084587446,0.11860186401978383
73ff4936-8cd3-4a75-a772-f563e67d249d,ebe2efe3-e8a1-451a-8947-76ef42427cc9,group_pca_pooled_48,0.4731797448405508,0.4593063395321334,0.6204174629219837,0.4858034659455654,0.7710801064031414,0.1175440358230459,0.223320538102372,0.14866656765951647,0.15532015798393223,0.14980826497166383,0.03215960719659657,0.23299544545194006,0.9724788033358485,0.3549681267920519,0.561957423928675,0.1589319129081061
73ff4936-8cd3-4a75-a772-f563e67d249d,ebe2efe3-e8a1-451a-8947-76ef42427cc9,group_pca_weighted_48,0.44672481079837423,0.43476064564134764,0.6206253912211721,0.4932139359633584,0.7805894429700044,0.1226271659919453,0.27831247462737974,0.11546652366994967,0.20173918664159138,0.16378497886366467,0.913011041621074,0.16678477831162003,0.7008094589978772,0.21862322332669676,0.5551828453188513,0.17638606595890613
73ff4936-8cd3-4a75-a772-f563e67d249d,ebe2efe3-e8a1-451a-8947-76ef42427cc9,group_wave+amp1_pooled,0.446704599414543,0.4352789786655696,0.6195855152289994,0.4952334725108021,0.7807784686442487,0.12162386506341052,0.2761026493526968,0.11390362950664082,0.20037642900604824,0.16274277290517486,0.9130304902950894,0.16663892368361313,0.7005603340127093,0.21805152626706997,0.5555162068928325,0.17494986916679425
73ff4936-8cd3-4a75-a772-f563e67d249d,ebe2efe3-e8a1-451a-8947-76ef42427cc9,waveform+gamma_48,0.49331972647474365,0.35540744891905224,0.66550776907492,0.5190199832725175,0.8201232454343503,-0.07860698345380263,-0.1862523213876407,-0.1337564692915595,-0.1721983647922262,-0.18267034354257888,0.912830629435225,0.18902336075779674,0.3985778721913027,0.246126654090626,0.5706756346351167,-0.1506968964935616
7be00744-2e27-4062-8f56-3969e24e9990,1a507308-c63a-4e02-8f32-3239a07dc578,ae_anatomy_48,0.4908856607067359,0.4686029440890489,0.5159668385373032,0.6452022662804882,0.6187036635838161,0.07484776267465415,-0.04986892127687781,0.0550181147290659,0.0736697115856909,0.09935590710625603,0.9027069863010957,0.30041017106200346,0.717424119025176,0.3151057289757587,0.5478722746394785,0.05060451496375783
7be00744-2e27-4062-8f56-3969e24e9990,1a507308-c63a-4e02-8f32-3239a07dc578,ae_depth_48,0.46403237149326365,0.4640961543770167,0.48995486131042554,0.6432877541834343,0.609215565513389,0.042654730804753696,-0.004412694976708355,0.00682409404998445,0.061762990763450376,0.07610758855288823,0.8170363999991606,0.25277592514622815,0.622512383512396,0.26108874832033513,0.5341173413755058,0.036587341838873674
7be00744-2e27-4062-8f56-3969e24e9990,1a507308-c63a-4e02-8f32-3239a07dc578,ae_filterbank_48,0.4700080861304089,0.4279814060118881,0.4689144084492702,0.6743016684558865,0.6369030369093631,0.0009995464555258501,-0.213614638517653,0.0248511523558797,0.0857320177962237,0.07992640170449684,0.8277827973859007,0.18635388190935645,0.5008386614293384,0.14593047349424965,0.5356217211913634,-0.004421104041105378
7be00744-2e27-4062-8f56-3969e24e9990,1a507308-c63a-4e02-8f32-3239a07dc578,ae_global_48,0.5498032279537617,0.5277382390215735,0.550130909511096,0.6664026715158031,0.6389910028349094,0.047083873013877,-0.038065923859841366,0.011344458092563,0.044106568281674946,0.047125597355258876,0.40582552585454507,0.31434446824484147,0.9004891266060877,0.4039693265510889,0.5866132101674288,0.02231891457670649
7be00744-2e27-4062-8f56-3969e24e9990,1a507308-c63a-4e02-8f32-3239a07dc578,ae_masked_48,0.48408406089742706,0.48530336004132607,0.5224643393498907,0.6538556746473105,0.6290414482978818,0.057208888267012724,-0.08660962270537445,0.026816972144137752,0.03391607280187357,0.06648679030398795,0.901225696884922,0.27978923853335164,0.6992300699368071,0.2953567142711705,0.5549497766467673,0.01956382016232751
7be00744-2e27-4062-8f56-3969e24e9990,1a507308-c63a-4e02-8f32-3239a07dc578,ae_waveamp_48,0.49105557590253396,0.48870099532718586,0.5046876344142613,0.5832608362904793,0.561790627490914,0.06047229854975158,-0.021947229865325227,0.0015533080331282742,0.07349000554983427,0.09400510361782125,0.9669816330145322,0.29149909020608444,0.6208197842379886,0.15866786901925875,0.5258991338850749,0.04151469717704202
7be00744-2e27-4062-8f56-3969e24e9990,1a507308-c63a-4e02-8f32-3239a07dc578,group_pca_pooled_48,0.512250397801372,0.5069217631831623,0.5068711087323081,0.6010425131004382,0.5701423756296802,0.07322229869367985,-0.06664411280509003,0.03408614579826233,0.06011690583328185,0.0596248203173172,0.09259222325570637,0.5283853211313068,0.9901486957615363,0.498143903144993,0.5394456316893921,0.03208121156749024
7be00744-2e27-4062-8f56-3969e24e9990,1a507308-c63a-4e02-8f32-3239a07dc578,group_pca_weighted_48,0.5156626109609886,0.49417724260455775,0.5334411208404888,0.606313437458661,0.6076841595683936,0.11385531660534645,0.0037202785118743698,0.025585754321359497,0.08492751091695419,0.09939734735953026,0.9670554451444553,0.4861049884456691,0.8605375213046567,0.4164899460296034,0.5514557142866179,0.06549724154301295
7be00744-2e27-4062-8f56-3969e24e9990,1a507308-c63a-4e02-8f32-3239a07dc578,group_wave+amp1_pooled,0.5147204858330315,0.4944112720844728,0.5337828951764877,0.6062386322997078,0.6070732577247963,0.11557622437035242,0.0011014649086215633,0.026816632635813725,0.08501200108753951,0.10027933939824113,0.9670549416784389,0.486094661504017,0.8591864101435771,0.41669614304090785,0.5512453086236992,0.06575713248011367
7be00744-2e27-4062-8f56-3969e24e9990,1a507308-c63a-4e02-8f32-3239a07dc578,waveform+gamma_48,0.4971205275840842,0.27724029612182227,0.52681220847858,0.5889506183039849,0.5452255347017907,0.06485248590722223,-0.21574208989920013,0.01678196364090185,0.07621625653468185,0.08869595770506665,0.9673011644048122,0.3433160820539914,0.6327142415493548,0.3708371843123333,0.48706983703805246,0.006160914777734489
7c11adc6-adbd-484f-8ae9-13946285e3f8,5bcafa14-71cb-42fa-8265-ce5cda1b89e0,ae_anatomy_48,0.24989876314810347,-0.08739439430543064,0.4060490560528053,0.5805008054918736,0.5879027050486144,0.05931185045902152,0.020281069122909452,-0.03286255286381087,0.03178862973157135,0.015721878459681475,0.8428646272735013,0.08571799663789956,0.21916737596101202,0.116188039528744,0.34739138708719325,0.018848174981874587
7c11adc6-adbd-484f-8ae9-13946285e3f8,5bcafa14-71cb-42fa-8265-ce5cda1b89e0,ae_depth_48,0.2791524541903709,-0.1273096041012587,0.3773824941302587,0.6137328332855745,0.5870385465852241,0.0457192451655963,-0.013443756867706099,-0.040581340711938446,0.04084046739053272,0.0444150324333588,0.8032716172566625,0.13284862183948554,0.3703906448116696,0.14138924475284637,0.3459993448180339,0.015389929481968656
7c11adc6-adbd-484f-8ae9-13946285e3f8,5bcafa14-71cb-42fa-8265-ce5cda1b89e0,ae_filterbank_48,0.2218019102400455,0.07235240929814105,0.39921510209793865,0.5749387053242501,0.5306789375130947,0.06656648199889602,-0.03295307346888342,0.023379157946045122,0.016514445954583696,-0.007254096400534975,0.8460990708165144,0.002324271838143625,0.050878500294288795,0.042744877481664625,0.359797412894694,0.013250583206021288
7c11adc6-adbd-484f-8ae9-13946285e3f8,5bcafa14-71cb-42fa-8265-ce5cda1b89e0,ae_global_48,0.31305940043438124,-0.24932878060280952,0.4114710766816206,0.7050088581445001,0.6779379445226492,0.05634885370746205,0.027378997263191273,-0.11198023909753382,0.07069532939128828,0.04288932267460897,0.7425364083021452,0.2742851048574947,0.8823007910612686,0.323214541608829,0.3716296998360683,0.017066452787803353
7c11adc6-adbd-484f-8ae9-13946285e3f8,5bcafa14-71cb-42fa-8265-ce5cda1b89e0,ae_masked_48,0.30864439448667713,-0.23019211848436885,0.4103051687593543,0.6800358838426482,0.6552976429524837,0.053486421545304544,0.08002647137592327,-0.06333017064563563,-0.033729544207446824,-0.09419901852045338,0.6481227949232984,0.1508796954545002,0.6796991547998219,0.29704895244764107,0.3648181943113589,-0.011549168090461606
7c11adc6-adbd-484f-8ae9-13946285e3f8,5bcafa14-71cb-42fa-8265-ce5cda1b89e0,ae_waveamp_48,0.3183322152687903,-0.02264131835700995,0.3770664069910064,0.5847418430902863,0.5778679122426308,0.05422226169230377,0.04689289659840778,-0.040947655115060974,0.0377246462081927,0.0018991059145732746,0.900176709410607,0.07935951181808323,0.16487451790919555,0.0738434931868901,0.3670734118471407,0.01995825105968331
7c11adc6-adbd-484f-8ae9-13946285e3f8,5bcafa14-71cb-42fa-8265-ce5cda1b89e0,group_pca_pooled_48,0.33027952652389586,-0.08379331347812576,0.35724651140801916,0.6723459051935219,0.6469647815513593,0.04250060754311918,0.006723960175045797,-0.11489914938879155,0.03616161584991875,0.0106588505486819,0.10983335772198323,0.4394824461536181,0.9757980497738687,0.38904675139282974,0.3846086822397341,-0.0037708230544051835
7c11adc6-adbd-484f-8ae9-13946285e3f8,5bcafa14-71cb-42fa-8265-ce5cda1b89e0,group_pca_weighted_48,0.31932138756514966,-0.15503001108060918,0.4116932879108004,0.6909822920865141,0.6451190514209216,0.07232362635045367,-0.01792646429460035,-0.06508317981408851,0.022454834807733526,0.006169169546640128,0.8990704805366095,0.35771145833679346,0.6960708552334844,0.276068520588736,0.3824172015805553,0.003587597319227693
7c11adc6-adbd-484f-8ae9-13946285e3f8,5bcafa14-71cb-42fa-8265-ce5cda1b89e0,group_wave+amp1_pooled,0.31850635233354374,-0.15261115177111287,0.4097635863329651,0.6909386001519381,0.6449561455042854,0.0739034074370571,-0.01717223087484423,-0.0644231505118665,0.0244264073155214,0.006680049750154602,0.8990953929542731,0.3572376021369298,0.6959275218867166,0.2760251766116528,0.3823107065103239,0.004682896623204475
7c11adc6-adbd-484f-8ae9-13946285e3f8,5bcafa14-71cb-42fa-8265-ce5cda1b89e0,waveform+gamma_48,0.3168783773234349,-0.3556983489064828,0.40189128012551195,0.7166775924944174,0.6754533269623149,0.019581760510817205,0.10467120246157059,-0.06688854626550045,-0.06674343945579378,-0.11182933085679987,0.8995740183076455,0.27048948399950523,0.47354358096071614,0.29097247709588553,0.35104044559983927,-0.024241670721141258
825ba9b8-ce03-49b7-b1a8-4d85ae2185af,a6fe44a8-07ab-49b8-81f9-e18575aa85cc,ae_anatomy_48,0.4456980622716439,0.6112355333847757,0.5499541908590677,0.8168583120684004,0.8356276020804627,-0.07422122430003503,-0.1508692319335801,0.016020263218836,0.11333927864318315,0.09687609887397813,0.8551926313004046,0.33592319244911967,0.7627984001395698,0.2998894706666969,0.6518747401328702,0.0002290369004764342
825ba9b8-ce03-49b7-b1a8-4d85ae2185af,a6fe44a8-07ab-49b8-81f9-e18575aa85cc,ae_depth_48,0.4869289157368941,0.6163626690640713,0.549858539059679,0.7967747442287749,0.8264751666777856,-0.035807112189243276,-0.09609113432028568,-0.0073636867449575,0.08288937753672138,0.08169466189874787,0.8461754015841106,0.32445908483443087,0.7816214587361352,0.31170871743644873,0.655280006953441,0.005064421236196557
825ba9b8-ce03-49b7-b1a8-4d85ae2185af,a6fe44a8-07ab-49b8-81f9-e18575aa85cc,ae_filterbank_48,0.49750837703043627,0.5855957856923861,0.5434349119736799,0.783181774706168,0.8119684532408736,-0.0950624393562711,-0.15848663196806878,0.024250573322221726,0.13219056836506593,0.11576100564303139,0.9118555460796255,0.16224765246174147,0.6813871757611294,0.25602822894891836,0.6443378605287087,0.003730615201195828
825ba9b8-ce03-49b7-b1a8-4d85ae2185af,a6fe44a8-07ab-49b8-81f9-e18575aa85cc,ae_global_48,0.4914455632816874,0.6526400122202876,0.5617565383854484,0.8230148349978824,0.8425610015680263,-0.0787495583091838,-0.13086607028979508,0.06795379166765819,0.142925669816416,0.11631284699413438,0.7502812717735361,0.4521170353424543,0.9149725474946009,0.46248033579299264,0.6742835900906664,0.02351533597584594
825ba9b8-ce03-49b7-b1a8-4d85ae2185af,a6fe44a8-07ab-49b8-81f9-e18575aa85cc,ae_masked_48,0.5014356431799616,0.6284596345554068,0.5453453169604466,0.787421027504521,0.8264514167287494,-0.07659096287660891,-0.14343453230530126,0.03790301904769099,0.14192045881724988,0.1298949296216047,0.8406278547699174,0.2987581279675827,0.789376140071113,0.2899189038789715,0.657822607785817,0.017938582460927083
825ba9b8-ce03-49b7-b1a8-4d85ae2185af,a6fe44a8-07ab-49b8-81f9-e18575aa85cc,ae_waveamp_48,0.49536178481739745,0.6611676441422121,0.5354282454043857,0.8078038945298179,0.8366156040015109,-0.0647636194519754,0.06235971080368134,0.011015003559838699,0.08638661679457545,0.05580093393434846,0.9614477035105006,0.23718615325227727,0.5926983762189195,0.22380844799371097,0.6672754345790649,0.03015972912809371
825ba9b8-ce03-49b7-b1a8-4d85ae2185af,a6fe44a8-07ab-49b8-81f9-e18575aa85cc,group_pca_pooled_48,0.47031560141298406,0.6471527035607725,0.5238315838803894,0.7858827290993549,0.8044263430006663,-0.0784286157307023,-0.16048144486220967,0.02499286444606917,0.11901832687910488,0.0992431113820133,-0.021632750004406277,0.6127282572291464,0.9884943151204452,0.5129098156250262,0.6463217921908335,0.0008688484228550786
825ba9b8-ce03-49b7-b1a8-4d85ae2185af,a6fe44a8-07ab-49b8-81f9-e18575aa85cc,group_pca_weighted_48,0.5018299290155734,0.6223551144509488,0.5560677896590314,0.8123868822733957,0.8329921651956244,-0.10743370656613002,-0.18519007519412506,0.043527085661142745,0.1391880096007128,0.12302048953063718,0.9615322875913263,0.537314644909846,0.8976347283161511,0.4049429193691376,0.6651263761189148,0.0026223606064475326
825ba9b8-ce03-49b7-b1a8-4d85ae2185af,a6fe44a8-07ab-49b8-81f9-e18575aa85cc,group_wave+amp1_pooled,0.5019653787615177,0.6224293393671523,0.5556572938195552,0.8123236415186659,0.8330014173695819,-0.10780288020253011,-0.18496733765089168,0.04308582247002518,0.13940919657211334,0.12322326291462593,0.9615268901448459,0.537375796392424,0.8974422610891086,0.4049203826247612,0.6650754141672947,0.0025896128206685355
825ba9b8-ce03-49b7-b1a8-4d85ae2185af,a6fe44a8-07ab-49b8-81f9-e18575aa85cc,waveform+gamma_48,0.485531576965318,0.43512884593965717,0.528212797724987,0.7547983744930225,0.7854540599144285,-0.015193081430496976,0.04197495321687496,-0.05540727202712528,0.046096671842187305,0.031206148566278957,0.9608748176690408,0.31540968345367015,0.8104012181678677,0.4798704879259613,0.5978251310074827,0.009735484033543792
834fca72-0b69-44e4-b77e-95a61290b50d,1a507308-c63a-4e02-8f32-3239a07dc578,ae_anatomy_48,0.521402026916318,0.4267744386103709,0.5795396516211977,0.6124161018330534,0.6104660488977222,0.040952284792448924,-0.058454208380137956,0.008065244748675902,0.061067288084816575,0.02311980552944715,0.9518372965124785,0.2513182909710198,0.7192659418201093,0.22377780278087156,0.5501196535757324,0.014950082955050117
834fca72-0b69-44e4-b77e-95a61290b50d,1a507308-c63a-4e02-8f32-3239a07dc578,ae_depth_48,0.5155223134537464,0.4471984548101954,0.5551374083398447,0.6294631184155325,0.6172184303437298,0.03354569353497103,-0.05209550411614994,-0.014458753046596527,0.07043801145332926,0.04170057456021858,0.8749885252914746,0.2194955728280589,0.650937153782121,0.20052580137255635,0.5529079450726098,0.01582600447715448
834fca72-0b69-44e4-b77e-95a61290b50d,1a507308-c63a-4e02-8f32-3239a07dc578,ae_filterbank_48,0.5240024281214466,0.4316492043665623,0.5803829669120619,0.6393003639147377,0.6527219088961073,-0.025738652698616023,-0.049537529236946654,0.04648515950228595,0.04033252424030492,0.016322781655837698,0.8757607595658643,0.16584549487788589,0.5119552758108615,0.13313856527678739,0.5656113744421832,0.005572856692573178
834fca72-0b69-44e4-b77e-95a61290b50d,1a507308-c63a-4e02-8f32-3239a07dc578,ae_global_48,0.5438215964523468,0.4789232393793851,0.5575725065040411,0.6083427486590541,0.6123639055698487,-0.005513059072168473,-0.0793290132256135,-0.012391166043246676,0.0496210185203413,0.035972829749389826,0.4855660410604702,0.25963494792852027,0.9020323553172438,0.31631551648294365,0.5602047993129352,-0.0023278780142595074
834fca72-0b69-44e4-b77e-95a61290b50d,1a507308-c63a-4e02-8f32-3239a07dc578,ae_masked_48,0.5189618854241966,0.46843733546050703,0.5673727824196553,0.6079410545349722,0.6206948777864099,-0.009553510214040899,-0.04458575241430403,0.01569862599101485,0.08715076692460194,0.039053021270692,0.9454991829072074,0.21324510189073076,0.7225809267510469,0.213546900767341,0.5566815871251481,0.017552630311592772
834fca72-0b69-44e4-b77e-95a61290b50d,1a507308-c63a-4e02-8f32-3239a07dc578,ae_waveamp_48,0.5223317465473645,0.47276974614932443,0.5810787003425466,0.6138898742906254,0.6173789183502029,0.03969536000562675,-0.03935546334293702,0.0032479556481263983,0.05731529606177705,0.024043733878421847,0.9920865530933611,0.24696532396349213,0.5656764198615389,0.1379207972482529,0.5614897971360129,0.016989376450203004
834fca72-0b69-44e4-b77e-95a61290b50d,1a507308-c63a-4e02-8f32-3239a07dc578,group_pca_pooled_48,0.5152636603228469,0.5038362682662195,0.5327266410282485,0.5423589058327527,0.5331718093043465,0.03544386378542697,0.036657318804472594,-0.0168907968414194,0.0743135417579875,0.009352267290950473,0.2427462114999723,0.48615955456261395,0.9862758174047506,0.3773161984292531,0.5254714569508827,0.02777523895948363
834fca72-0b69-44e4-b77e-95a61290b50d,1a507308-c63a-4e02-8f32-3239a07dc578,group_pca_weighted_48,0.5079751190717344,0.476918107044326,0.5848162758282305,0.6307132134277095,0.6344947069364602,0.03060433635707007,-0.028009293847036473,-0.004559652300903625,0.08967680011812625,0.03619697102525557,0.9920937496832775,0.44248649520613603,0.7883154460332445,0.26740541063309975,0.5669834844616921,0.024781832270502357
834fca72-0b69-44e4-b77e-95a61290b50d,1a507308-c63a-4e02-8f32-3239a07dc578,group_wave+amp1_pooled,0.5090154709059661,0.4748497382163307,0.5847696714955692,0.6313224075356981,0.6347192989983907,0.06526284795254622,-0.03086877609830352,-0.0026224300136288986,0.09187649380828303,0.0357713223602077,0.9920976623689582,0.4424094326661125,0.7878787288110147,0.26726370464978316,0.5669353174303909,0.03188389160182091
834fca72-0b69-44e4-b77e-95a61290b50d,1a507308-c63a-4e02-8f32-3239a07dc578,waveform+gamma_48,0.45675050503675674,0.09330635262387454,0.5296431982770673,0.5604526528988827,0.5731166825074936,-0.025218677827132423,-0.03755810284035883,0.018766132672695897,0.018349433815825676,0.0260820099885471,0.9921731326606835,0.1337394145568756,0.2281811469683918,0.01433057482787815,0.44265387826881497,8.41591619154855e-05
88fe9ed9-9e3e-431a-8ecc-4cb2fe5bf448,75b6b132-d998-4fba-8482-961418ac957d,ae_anatomy_48,0.4259041176965589,0.4643727496457397,0.6501251445792929,0.6937858111770332,0.6351254604500189,0.034889519647754955,0.006679142436359501,0.021775766652786726,0.06478665795304164,0.0738964242053821,0.6876918620294298,0.2573552514120602,0.8449651274284926,0.5326984837446636,0.5738626567097287,0.04040550217906499
88fe9ed9-9e3e-431a-8ecc-4cb2fe5bf448,75b6b132-d998-4fba-8482-961418ac957d,ae_depth_48,0.37712219028087635,0.40581233017451707,0.6231771526021147,0.6780327491341713,0.6070108168546572,0.02857329643730582,-0.019842772713984925,0.016609353396596926,-0.01318635611808525,0.05395789596354005,0.6951752939812217,0.19403988806706995,0.6936679241118313,0.45171998894976934,0.5382310478092672,0.013222283393074524
88fe9ed9-9e3e-431a-8ecc-4cb2fe5bf448,75b6b132-d998-4fba-8482-961418ac957d,ae_filterbank_48,0.3687603362683385,0.5371566685917145,0.641808567976697,0.695087978284357,0.6359137558463677,0.00972525427043843,-0.019869677919653075,-0.044897175038282,0.0260748415370383,0.07949612044559358,0.6894692737422498,0.16728719223173152,0.739892709897813,0.4629117453975614,0.5757454613934949,0.010105872659027047
88fe9ed9-9e3e-431a-8ecc-4cb2fe5bf448,75b6b132-d998-4fba-8482-961418ac957d,ae_global_48,0.4453239194538403,0.5180576236917375,0.6272791909059072,0.7177451144360197,0.6638024717029406,0.0228618131615471,-0.09992400149938392,0.030105498276152477,0.011005800948472273,0.051116004811494954,0.6522768017340727,0.3174738141104718,0.9578879280810886,0.5636108539488196,0.5944416640380891,0.003033023139656578
88fe9ed9-9e3e-431a-8ecc-4cb2fe5bf448,75b6b132-d998-4fba-8482-961418ac957d,ae_masked_48,0.44152404695189457,0.5015683466692423,0.6544312693049315,0.7093726683884256,0.6318860277549634,0.030466522419516147,-0.015423699944360578,0.03668492860032388,0.10942180563392093,0.12889161960397993,0.46622459914331266,0.19033523576984707,0.7671646908580604,0.47410360299901555,0.5877564718138915,0.05800823526267607
88fe9ed9-9e3e-431a-8ecc-4cb2fe5bf448,75b6b132-d998-4fba-8482-961418ac957d,ae_waveamp_48,0.3607499086903382,0.446433665631533,0.6374633532489349,0.7046577579832382,0.6158826537066848,0.04006088913037177,-0.09727656385228149,-0.002465886770520353,0.06035130987741615,0.10276684064988376,0.7583837829341453,0.2264460608658569,0.7491679466864859,0.4488505367998694,0.5530374678521458,0.020687317806973964
88fe9ed9-9e3e-431a-8ecc-4cb2fe5bf448,75b6b132-d998-4fba-8482-961418ac957d,group_pca_pooled_48,0.4148939437053655,0.5517755890060028,0.5931904530451568,0.6975395725003174,0.6285239821148029,-0.03876497894504453,0.0062288120364453956,0.02625693506388635,0.07334212035273402,0.06822183294601425,0.161770912493146,0.4954934513025306,0.9840040266604733,0.6026830820185397,0.5771847080743291,0.027056944290807093
88fe9ed9-9e3e-431a-8ecc-4cb2fe5bf448,75b6b132-d998-4fba-8482-961418ac957d,group_pca_weighted_48,0.46876024707828773,0.5261675720919079,0.652802992698037,0.7309506789272986,0.6719272609058565,-0.047468947110663455,8.100103377520207e-05,-0.07535854934923002,0.0485526866063437,0.04756267780818042,0.755290589014009,0.4045996710961828,0.8970176866974434,0.5334862411854602,0.6101217503402776,-0.0053262262023188265
88fe9ed9-9e3e-431a-8ecc-4cb2fe5bf448,75b6b132-d998-4fba-8482-961418ac957d,group_wave+amp1_pooled,0.46870680298007694,0.5280074661767077,0.6530164508695456,0.7304597117935068,0.6714397382101431,-0.04670132562878,0.0024260108599840017,-0.07466914030262728,0.05224714380279408,0.05067322229556668,0.7549214112037422,0.40455600346730136,0.8968614701885989,0.5334099858000423,0.610326034005996,-0.0032048177946125064
88fe9ed9-9e3e-431a-8ecc-4cb2fe5bf448,75b6b132-d998-4fba-8482-961418ac957d,waveform+gamma_48,0.3652261494098309,0.4484235004692318,0.597014138327414,0.7011436557401619,0.618148774940771,-0.038245453613503275,0.16953299081187273,-0.06465305678873483,-0.0190318294200726,0.020834949965733124,0.7601663018911639,0.23645980669266375,0.546630600607524,0.3435769993288825,0.5459912437774819,0.013687520191059028
a3ebc7f4-813a-4f06-a33e-9825c878f9c2,9fe512b8-92a8-4642-83b6-01158ab66c3c,ae_anatomy_48,0.7006415490897979,0.5747914810489951,0.599224725048328,0.7161622836409645,0.7065178127348228,-0.07580844909943198,0.1017225605688241,0.09254914138951525,0.0236777897353326,-0.007249393015108874,0.837796421278441,0.27547008331891437,0.7147276346162537,0.3693911445053789,0.6594675703125816,0.026978329915826223
a3ebc7f4-813a-4f06-a33e-9825c878f9c2,9fe512b8-92a8-4642-83b6-01158ab66c3c,ae_depth_48,0.7153580102326362,0.5926113966854277,0.6284616127331326,0.7292285882185657,0.7191313825825392,-0.040509396656767525,0.042267010131306224,0.10047415453939665,0.0617817654242906,0.004065854442921783,0.8157004439096001,0.2700744936655204,0.7571616935016114,0.40550786599077926,0.6769581980904602,0.033615877576229546
a3ebc7f4-813a-4f06-a33e-9825c878f9c2,9fe512b8-92a8-4642-83b6-01158ab66c3c,ae_filterbank_48,0.7159724446030673,0.5088858800384648,0.6426927233094656,0.7052327175345089,0.6796897897107698,-0.028179990899519322,0.04612719882466943,0.10147952881558767,0.033347175316807996,-0.033659656649287974,0.8465946130717554,0.16355240848374547,0.6740508162504215,0.27286137092348645,0.6504947110392553,0.023822851081651563
a3ebc7f4-813a-4f06-a33e-9825c878f9c2,9fe512b8-92a8-4642-83b6-01158ab66c3c,ae_global_48,0.778341975722916,0.5923292049619668,0.6742425546230102,0.7633273351677988,0.7445259100565331,-0.06336854689954095,0.07059475342053238,0.05255815623595793,0.0012283002588963261,-0.0002590873082391268,0.8084458594530057,0.38293534772821697,0.9308290260606187,0.5164863079720092,0.710553396106445,0.012150715141521311
a3ebc7f4-813a-4f06-a33e-9825c878f9c2,9fe512b8-92a8-4642-83b6-01158ab66c3c,ae_masked_48,0.7525145668729964,0.6015861140069947,0.6096289042313735,0.735953888965012,0.71421714866926,-0.11739842405197977,0.09137448716516906,0.0083026754779144,0.060827026868330955,0.032565619714921605,0.7392996063461348,0.2902762290816045,0.881315229513087,0.5242603707906026,0.6827801245491274,0.015134277034871252
a3ebc7f4-813a-4f06-a33e-9825c878f9c2,9fe512b8-92a8-4642-83b6-01158ab66c3c,ae_waveamp_48,0.7500066387340076,0.5806849091394285,0.6335013242608136,0.7415649637077298,0.7114115941722363,-0.0287259221744642,0.08152408910279446,0.10637506743218787,0.0408354987845315,0.033704726649029085,0.8888640578263338,0.2387434707321791,0.6501598955090582,0.2895881643322259,0.6834338860028433,0.04674269195881574
a3ebc7f4-813a-4f06-a33e-9825c878f9c2,9fe512b8-92a8-4642-83b6-01158ab66c3c,group_pca_pooled_48,0.7566078710887287,0.5116448607067918,0.6039199531334415,0.7375670978317306,0.7093890285266548,-0.06387415432590296,0.08613912596224002,0.04054466440153168,0.013170142349184254,-0.00785121712436082,0.07763569629462405,0.500180946100481,0.9867479690775164,0.5563602747889307,0.6638257622574695,0.013625712252538436
a3ebc7f4-813a-4f06-a33e-9825c878f9c2,9fe512b8-92a8-4642-83b6-01158ab66c3c,group_pca_weighted_48,0.7884444084041567,0.5701704177046737,0.6587389325813513,0.7577690023898913,0.7383592341755105,-0.037268017970669774,-0.017896715562291426,0.08858672862073802,0.04821424058364618,0.04854883493774762,0.8883210099742049,0.43118304809745506,0.8654452033334025,0.4531539575089645,0.7026963990511168,0.026037014121834123
a3ebc7f4-813a-4f06-a33e-9825c878f9c2,9fe512b8-92a8-4642-83b6-01158ab66c3c,group_wave+amp1_pooled,0.7883165097059079,0.5694521702636977,0.6585810841705833,0.7577316187368505,0.7386416819565291,-0.03680150616823555,-0.01730942423126463,0.08869828034008967,0.04850772610918096,0.0492327791125498,0.8883263386382352,0.4309932705376439,0.8650568389623171,0.4530448921004835,0.7025446129667137,0.026465571032464053
a3ebc7f4-813a-4f06-a33e-9825c878f9c2,9fe512b8-92a8-4642-83b6-01158ab66c3c,waveform+gamma_48,0.695623565448326,0.5778802945779292,0.5947601580100716,0.7313763123849434,0.725960902007796,0.0437864272057603,0.015000712337480147,0.0598010361060578,0.09538716871022791,0.07460874220380477,0.8861556411720408,0.37188437447819533,0.776915991754823,0.5467887235358215,0.6651202464858132,0.05771681731266618
a4d9d9d5-6ea3-4234-aa28-e064e83626fa,9fe512b8-92a8-4642-83b6-01158ab66c3c,ae_anatomy_48,0.6679609356501031,0.5148748534707777,0.4901512965135747,0.5825843380666925,0.5806490414491456,-0.002473225795812849,-0.06221357935932567,-0.029853986351556453,-0.022829354755443624,-0.043629354165117096,0.9273195364430243,0.3339606613164856,0.5408045544643774,0.3026753637718209,0.5672440930300587,-0.032199900085451136
a4d9d9d5-6ea3-4234-aa28-e064e83626fa,9fe512b8-92a8-4642-83b6-01158ab66c3c,ae_depth_48,0.6768046116142229,0.594615776276324,0.4988539313412731,0.5875128507404153,0.5905350719324549,-0.0138973175773027,-0.15071264661982053,-0.018394065731971904,-0.04363736047375287,-0.07080553809077961,0.8979703001889294,0.35529155723200034,0.5861553497562569,0.3126573504074447,0.589664448380938,-0.05948938569872553
a4d9d9d5-6ea3-4234-aa28-e064e83626fa,9fe512b8-92a8-4642-83b6-01158ab66c3c,ae_filterbank_48,0.6369490383470537,0.5207004165813873,0.48971800352677486,0.5828523874693398,0.5624715401079181,-0.15865302658540015,-0.019362861431494467,-0.04284090428905363,-0.18109381392221463,-0.17208717690782466,0.9118609335604461,0.13643170120355474,0.5907102689352945,0.1609158136797885,0.5585382772064948,-0.11480755662719751
a4d9d9d5-6ea3-4234-aa28-e064e83626fa,9fe512b8-92a8-4642-83b6-01158ab66c3c,ae_global_48,0.7322659892168244,0.65660829728243,0.5754886755573433,0.6564762516936229,0.6299006400671566,0.06242123500996443,-0.06024550275349655,-0.029120533026885803,-0.01743977967536535,-0.014541160592787296,0.8092854587851818,0.4910660125396335,0.914151787672712,0.5046363935883758,0.6501479707634755,-0.011785148207714114
a4d9d9d5-6ea3-4234-aa28-e064e83626fa,9fe512b8-92a8-4642-83b6-01158ab66c3c,ae_masked_48,0.714010079252333,0.6214674712383675,0.5683544538266216,0.6359955636399107,0.6099701578940611,-0.025024768561882477,-0.12214225760858145,-0.036467095837111094,-0.05829174987074925,-0.0779279693627586,0.7169925670638244,0.30963337579869954,0.7097611578370212,0.4430453401881421,0.6299595451702589,-0.06397076824821657
a4d9d9d5-6ea3-4234-aa28-e064e83626fa,9fe512b8-92a8-4642-83b6-01158ab66c3c,ae_waveamp_48,0.5340094712828105,0.47241664023399976,0.4392080752324798,0.449835997761059,0.44777808526122487,-0.09777113227707107,-0.09955174180351369,-0.0135938376503489,-0.10354155457518999,-0.08687947924576263,0.978587310549133,0.3183522422426869,0.2732144559593254,0.17695447723347654,0.4686496539543148,-0.08026754911037724
a4d9d9d5-6ea3-4234-aa28-e064e83626fa,9fe512b8-92a8-4642-83b6-01158ab66c3c,group_pca_pooled_48,0.7216204788825887,0.6406956078869412,0.5544809998252873,0.6419082362344221,0.6063334127013891,-0.014817991900908427,-0.1568905951071885,-0.07722539634645192,-0.034680861067201973,-0.040323764333378156,0.08538217845022013,0.7140911326051587,0.990845133877357,0.5482389177001773,0.6330077471061257,-0.06478772175102579
a4d9d9d5-6ea3-4234-aa28-e064e83626fa,9fe512b8-92a8-4642-83b6-01158ab66c3c,group_pca_weighted_48,0.6879527565788027,0.5045701691251212,0.4991821417798567,0.5963765885394565,0.5686282225847641,-0.0765460873551392,-0.20422023253212004,-0.059626840602404474,-0.129009493743185,-0.10084203873778348,0.9784115141316341,0.6754374484488068,0.8871626656782693,0.46273000365815364,0.5713419757216004,-0.11404893859412643
a4d9d9d5-6ea3-4234-aa28-e064e83626fa,9fe512b8-92a8-4642-83b6-01158ab66c3c,group_wave+amp1_pooled,0.6886198013428233,0.5048808940447558,0.4993368235384654,0.5964566595012473,0.5689256669551125,-0.07939082745031573,-0.20226713151479145,-0.0607929202778672,-0.1315048007233265,-0.10150058249645322,0.9784213939951444,0.675429775370608,0.8871145422980204,0.4628183655689989,0.5716439690764809,-0.11509125249255081
a4d9d9d5-6ea3-4234-aa28-e064e83626fa,9fe512b8-92a8-4642-83b6-01158ab66c3c,waveform+gamma_48,0.7217634970745226,0.5325592279680325,0.5804283247791835,0.6308867187020274,0.6230263692228167,-0.08342202012419636,-0.022297571460604553,-0.027893037827183075,-0.1107512275055567,-0.09795950311610341,0.9785884846644283,0.24716531642874315,0.42529964012312144,0.21568397322819632,0.6177328275493166,-0.06846467200672882
a5f2ec22-0ff3-4249-bd2f-6247c3990e53,a4a74102-2af5-45dc-9e41-ef7f5aed88be,ae_anatomy_48,0.4318094459537662,0.3892791273275434,0.6278104980830895,0.6907192584231596,0.6650847301205441,-0.023520878360959573,-0.037997388191359074,-0.031672695907050005,-0.0008683214197363997,-0.01781419635175055,0.881288489317403,0.18250463990525564,0.6253249784219339,0.21161846809374518,0.5609406119816206,-0.022374696046171122
a5f2ec22-0ff3-4249-bd2f-6247c3990e53,a4a74102-2af5-45dc-9e41-ef7f5aed88be,ae_depth_48,0.4245469799291275,0.3600374831940608,0.6230028968321664,0.6875101324308304,0.6504913228220566,-0.021311021492805754,-0.04376551460896073,-0.010706478072865597,0.023863661161051777,-0.0039476822629489,0.8196806848850602,0.13335680136936018,0.5366262088243416,0.19399446438792245,0.5491177630416484,-0.011173407055305838
a5f2ec22-0ff3-4249-bd2f-6247c3990e53,a4a74102-2af5-45dc-9e41-ef7f5aed88be,ae_filterbank_48,0.3618419754037889,0.22676298794397953,0.5523728556944902,0.607651831525808,0.5446093420868354,-0.03546962029289665,0.1355930591973146,-0.02236878903695665,-0.00952094518165995,-0.0250491564246668,0.8383453070804513,0.04143031320015207,0.3390466726254692,0.09940596440537272,0.45864779853098037,0.008636909652226906
a5f2ec22-0ff3-4249-bd2f-6247c3990e53,a4a74102-2af5-45dc-9e41-ef7f5aed88be,ae_global_48,0.4697244003393741,0.4293904894522234,0.6831294198211794,0.753043817208394,0.7191222610280663,-0.06601203890201406,-0.10373454756647629,-0.09294966173099542,-0.05668191032192538,-0.10278090325758357,0.5174409196900897,0.2004938358698085,0.892338620583812,0.2962377354258374,0.6108820775698474,-0.08443181235579895
a5f2ec22-0ff3-4249-bd2f-6247c3990e53,a4a74102-2af5-45dc-9e41-ef7f5aed88be,ae_masked_48,0.42692912863447524,0.41968389042590004,0.6220332547898617,0.6904107883669378,0.6623963228684979,-0.040075049923324,-0.10431621569116406,-0.024016636397327772,-0.02815671341784985,-0.03954244107100462,0.881965041892591,0.1289556033360528,0.6274390092825682,0.2160136584331735,0.5642906770171345,-0.04722141130013406
a5f2ec22-0ff3-4249-bd2f-6247c3990e53,a4a74102-2af5-45dc-9e41-ef7f5aed88be,ae_waveamp_48,0.3975776897848508,0.3788903936435082,0.6039552195108024,0.6537513284295642,0.6142674740023648,-0.022391812616842078,-0.07081723414641089,-0.045321198448659915,-0.06579673119502755,-0.10344673595253988,0.942777309631391,0.15972788172234276,0.5312917067166134,0.13213491321402787,0.5296884210742181,-0.06155474247189606
a5f2ec22-0ff3-4249-bd2f-6247c3990e53,a4a74102-2af5-45dc-9e41-ef7f5aed88be,group_pca_pooled_48,0.40758024072798493,0.4765431574783263,0.6237192462790008,0.6634288743272021,0.6568061293525588,-0.11142209897896377,-0.029962475089379347,-0.11257184513859855,-0.05549844985606643,-0.1255362377316966,0.06114653929734552,0.40072540793117584,0.9701541403444292,0.3403078986938168,0.5656155296330145,-0.08699822135894095
a5f2ec22-0ff3-4249-bd2f-6247c3990e53,a4a74102-2af5-45dc-9e41-ef7f5aed88be,group_pca_weighted_48,0.4546993003245924,0.45467996519584236,0.6442271519949705,0.707437387458325,0.6892606680414188,-0.0794179866257991,-0.04656337171823034,-0.07460151332277218,-0.07391727293184595,-0.10621364424893473,0.9421305506536286,0.3418817648319442,0.7912379146227712,0.23308674182181793,0.5900608946030298,-0.07614275776951647
a5f2ec22-0ff3-4249-bd2f-6247c3990e53,a4a74102-2af5-45dc-9e41-ef7f5aed88be,group_wave+amp1_pooled,0.45463875830819844,0.45439254148371905,0.6436751580043444,0.7072139243680833,0.6901337845897654,-0.08623656497809533,-0.046511479220359704,-0.08032847086271945,-0.08240340841375852,-0.1170108958794417,0.9421474838496553,0.34189174292817903,0.7913765398165347,0.2334084306532738,0.5900108333508222,-0.08249816387087494
a5f2ec22-0ff3-4249-bd2f-6247c3990e53,a4a74102-2af5-45dc-9e41-ef7f5aed88be,waveform+gamma_48,0.4904345688141107,0.3257339868965986,0.6251424589152685,0.7120890511106377,0.6940171681448328,-0.033456482970668874,-0.14101682222047104,-0.013925079769989475,-0.017053659247555072,-0.015008242167618126,0.9422213819572914,0.22932278912061957,0.49204262149136124,0.3235078035739806,0.5694834467762897,-0.04409205727526051
a6b71993-165b-4c43-845c-c062fe7d7a11,49250fba-801c-4867-a0a7-a1e19538cb61,ae_anatomy_48,0.7127266599705704,0.41523286692240846,0.7443473818976281,0.7613914813398248,0.7850698311273181,0.0294227227928584,0.02169995815518235,-0.0042763001969018995,-0.03000659889137745,-0.0231067834506496,0.8276868518085638,0.12361456052055583,0.6884544989140762,0.24867943859978717,0.6837536442515499,-0.001253400318177641
a6b71993-165b-4c43-845c-c062fe7d7a11,49250fba-801c-4867-a0a7-a1e19538cb61,ae_depth_48,0.7024225773475306,0.3064538966798425,0.7449644104916043,0.7568290582652074,0.7746536500870154,0.015243671939502702,0.01616334456890387,-0.0011246187149796492,-0.0139430218441542,-0.015814513631598047,0.829538026219905,0.09534513120394125,0.4800496001794657,0.16105084851269386,0.65706471857424,0.00010497246353493583
a6b71993-165b-4c43-845c-c062fe7d7a11,49250fba-801c-4867-a0a7-a1e19538cb61,ae_filterbank_48,0.6879661862553916,0.41227492546360733,0.7812123553847264,0.7666583531420248,0.7841067703306447,0.021211613791488424,0.06248893093656267,0.011015616135846222,0.004543843310010974,0.009232184934477401,0.7765815902163544,0.09389829359572074,0.5836144884958328,0.20867430386046903,0.686443718115279,0.021698437821677137
a6b71993-165b-4c43-845c-c062fe7d7a11,49250fba-801c-4867-a0a7-a1e19538cb61,ae_global_48,0.6979430769651276,0.3865452157787725,0.7299421552871902,0.7715201692130318,0.7959846655687525,-0.0005755575509210978,0.021377755282376603,-0.0060113290687114,-0.003409345269238826,0.007357517530680297,0.7206535168746175,0.16431111319426206,0.9132366644421446,0.33914575508495065,0.6763870565625749,0.003747808184837115
a6b71993-165b-4c43-845c-c062fe7d7a11,49250fba-801c-4867-a0a7-a1e19538cb61,ae_masked_48,0.6802456387383299,0.47243528362901,0.7426161119515096,0.7529701575640431,0.7749785221467839,0.03777990272289827,0.09278406769303699,0.004691148008310171,0.02338352028730485,0.0106319438908167,0.3899500971741055,0.08999114497983607,0.5522604111331892,0.1715459709931951,0.6846491428059353,0.03385411652047339
a6b71993-165b-4c43-845c-c062fe7d7a11,49250fba-801c-4867-a0a7-a1e19538cb61,ae_waveamp_48,0.704592347463354,0.2422798989776063,0.7376649891171274,0.7549012201612033,0.7832427950407365,0.016647785736532,0.10721342483949005,-0.012093697301714747,-0.0343169439337045,-0.028378020578267223,0.8747413510056744,0.11974299097568131,0.5629630900648218,0.18300975738805564,0.6445362501520054,0.009814509752467114
a6b71993-165b-4c43-845c-c062fe7d7a11,49250fba-801c-4867-a0a7-a1e19538cb61,group_pca_pooled_48,0.6461818065140181,0.42389834369316215,0.6573440349317714,0.7379526436960421,0.7656522761845126,-0.09179891950192486,0.09405865017113975,-0.004825170230307123,-0.047945584587897994,-0.02711979506116458,0.20165045776400958,0.28863028893413595,0.972152316418223,0.4088062112736725,0.6462058210039012,-0.01552616384203096
a6b71993-165b-4c43-845c-c062fe7d7a11,49250fba-801c-4867-a0a7-a1e19538cb61,group_pca_weighted_48,0.7059896154116204,0.3109986265435291,0.7547790028275687,0.7812111161489843,0.8030137242657841,0.0014121766280131738,0.12014464658915568,0.0165250482718731,-0.03393125889625525,0.011436451530851698,0.8756689931115387,0.1800219601364902,0.7577015690379965,0.3001693075505188,0.6711984170394973,0.023117412824727675
a6b71993-165b-4c43-845c-c062fe7d7a11,49250fba-801c-4867-a0a7-a1e19538cb61,group_wave+amp1_pooled,0.7056495543968946,0.31180265334746343,0.7546243363186345,0.7799161744800076,0.8015465898742996,0.0023079142624021012,0.12165338091817743,0.018466243593877604,0.008093765221934649,0.031169440865989276,0.8755975557988775,0.17932474008436236,0.7576891451112903,0.2996665450178906,0.67070786168346,0.03633814897247621
a6b71993-165b-4c43-845c-c062fe7d7a11,49250fba-801c-4867-a0a7-a1e19538cb61,waveform+gamma_48,0.7086836225462212,0.06569628166857372,0.7219888256580258,0.7347078911229054,0.752873769671765,0.06704895578185117,-0.11164267391841687,0.021302257048001802,0.0534105480259727,0.039553143970524424,0.8761138762708586,0.1543958185403736,0.4694369846805745,0.1952113855525782,0.5967900781334983,0.013934446181586646
ac088ddb-9e1e-49ae-b341-46a8445cf809,ebe2efe3-e8a1-451a-8947-76ef42427cc9,ae_anatomy_48,0.41923471808286245,0.37629667365061253,0.49995044799103583,0.4289473537807793,0.6792578835822713,0.038655574331879626,-0.08080075367233096,0.09285468493159348,-0.04385697888535785,0.012418387972964047,0.5160425998639308,0.06036607097274727,0.5737837159048401,0.09064146418496788,0.48073741541751236,0.0038541829357496686
ac088ddb-9e1e-49ae-b341-46a8445cf809,ebe2efe3-e8a1-451a-8947-76ef42427cc9,ae_depth_48,0.3831295550447274,0.4555808669698655,0.5463611868782187,0.4262556874919795,0.6717960395550895,0.03414999211595887,-0.05479457023509907,0.065262761154248,-0.025206499812446652,0.007881828374478851,0.6719990773482699,0.04658124064280715,0.5267633672452925,0.10424451671519963,0.49662466718797615,0.005458702319428001
ac088ddb-9e1e-49ae-b341-46a8445cf809,ebe2efe3-e8a1-451a-8947-76ef42427cc9,ae_filterbank_48,0.3056898326373433,0.0811670315048873,0.41619841685448244,0.20774141107839147,0.5782625234474017,0.006862404782518675,0.03352322217398518,0.06898306972925405,-0.03036924616968175,0.017717219989717974,0.6138676320522559,0.01592198669786995,0.1707202188728875,0.0196646871940666,0.3178118431045013,0.019343334101158828
ac088ddb-9e1e-49ae-b341-46a8445cf809,ebe2efe3-e8a1-451a-8947-76ef42427cc9,ae_global_48,0.4138708554778421,0.4852022695257794,0.5202649210659464,0.44239217949827503,0.6846404703044953,0.07064481384162022,-0.0051365941199821505,0.08657457522451953,0.016217614571997427,0.07230603241021621,0.4194917055941661,0.06769844951306943,0.8162873595904903,0.20005801304053908,0.5092741391744676,0.04812128838567424
ac088ddb-9e1e-49ae-b341-46a8445cf809,ebe2efe3-e8a1-451a-8947-76ef42427cc9,ae_masked_48,0.3803427430037902,0.44365950382938674,0.5257216299579817,0.4402829530191579,0.6510202538170446,0.05896550002193233,-0.06511198982451896,0.07636245324603322,-0.02638470275845997,0.03660628151029452,0.6547840287736078,0.06490008242151872,0.6401251836562274,0.18166646864518926,0.48820541672547224,0.016087508439056226
ac088ddb-9e1e-49ae-b341-46a8445cf809,ebe2efe3-e8a1-451a-8947-76ef42427cc9,ae_waveamp_48,0.25694304170212834,0.46546300227563514,0.3842745734369087,0.246572988136704,0.4977835556074437,0.002475969292377098,-0.11242554244141546,0.07222772977886162,-0.0950947676171851,-0.019859540613863844,0.7417018779056407,0.03419060803319737,0.3586541739901728,0.07598474148750606,0.370207432231764,-0.030535230320245143
ac088ddb-9e1e-49ae-b341-46a8445cf809,ebe2efe3-e8a1-451a-8947-76ef42427cc9,group_pca_pooled_48,0.34658947819620306,0.5065223164731743,0.3775866214767133,0.4176482035338026,0.5973024786579086,0.07153745682782782,-0.05030544155691178,0.07610951051325557,-0.0681750463934549,0.05603813878653657,0.019722130016063825,0.15849675385710393,0.9759731913510571,0.34677104658860414,0.44912981966756044,0.017040923635450657
ac088ddb-9e1e-49ae-b341-46a8445cf809,ebe2efe3-e8a1-451a-8947-76ef42427cc9,group_pca_weighted_48,0.35461311528554723,0.5922767445734312,0.43706908184409266,0.42179910808993426,0.6385978005014714,0.05171576962613988,0.038955822239547744,0.06435295691109028,-0.007783378051291976,0.0366558510548505,0.7405707739628147,0.0780987926008854,0.6505287154501632,0.21747259308476624,0.4888711700588953,0.03677940435606729
ac088ddb-9e1e-49ae-b341-46a8445cf809,ebe2efe3-e8a1-451a-8947-76ef42427cc9,group_wave+amp1_pooled,0.35336053769997156,0.592482593792874,0.43220010295053324,0.42104682365336304,0.6373044683322197,0.04960583067339727,0.03909835297405123,0.0661288815354619,-0.008095510419511,0.03591027880605935,0.7404140970952069,0.07800641279666065,0.6492871986502831,0.2172338699168922,0.4872789052857923,0.03652956671389175
ac088ddb-9e1e-49ae-b341-46a8445cf809,ebe2efe3-e8a1-451a-8947-76ef42427cc9,waveform+gamma_48,0.4109339621806372,0.24477409408321416,0.536953695705529,0.41017969188796854,0.7087882940908437,-0.09841293751967273,-0.2553729674971632,0.005659290092276052,-0.1994451633083623,-0.17045589001273717,0.7404175745372273,0.15038042428248602,0.5401081176211189,0.27486646959204813,0.46232594758963846,-0.14360553364913187
ad315779-2b39-46c4-8348-b166e796fa7c,dfbe628d-365b-461c-a07f-8b9911ba83aa,ae_anatomy_48,0.151162630685791,0.10091782399235724,0.35381583162283686,0.5643636825359599,0.6467958571425206,-0.006761185842776554,0.0028195007745031465,-0.02089173539048208,0.0311634241602545,0.08101536109330378,0.8952272431731528,0.16757887637791957,0.4049695743359351,0.30815389020052675,0.3634111651958931,0.01746907295896056
ad315779-2b39-46c4-8348-b166e796fa7c,dfbe628d-365b-461c-a07f-8b9911ba83aa,ae_depth_48,0.11275393685381613,0.0502558546954454,0.2882179098162858,0.5209035857573341,0.5695189541532183,0.01469934746581375,-0.04172556032400002,-0.016332848873948775,-0.029104133997378177,-0.016368115287103,0.8916197178494596,0.09284795779486088,0.1648333346658522,0.1871213599736449,0.3083300482552199,-0.017766262203323245
ad315779-2b39-46c4-8348-b166e796fa7c,dfbe628d-365b-461c-a07f-8b9911ba83aa,ae_filterbank_48,0.0107037284304351,0.08237496565039534,0.27936907881268885,0.48981482771318713,0.5471443732491631,0.03825495689564093,-0.035076309083646194,-0.0668687319265219,-0.03587066624624835,0.02996335232662222,0.8421645138501888,0.06647051736372991,0.2958286185115617,0.1659106853583688,0.2818813947711739,-0.013919479606830659
ad315779-2b39-46c4-8348-b166e796fa7c,dfbe628d-365b-461c-a07f-8b9911ba83aa,ae_global_48,0.3025657066007872,0.179481731702807,0.4378620660440342,0.6153667809067965,0.6818821269610615,0.003675322955145704,0.020656945743968723,-0.07998759395315552,-0.056377021315872175,-0.006679053462584676,0.7493063935260085,0.24385292289024055,0.8634210055504572,0.3339421665909448,0.44343168244309733,-0.02374228000649959
ad315779-2b39-46c4-8348-b166e796fa7c,dfbe628d-365b-461c-a07f-8b9911ba83aa,ae_masked_48,0.09416282747657483,0.14635761948252765,0.3841975140237859,0.5943831800462014,0.63585380517689,0.05054798336345717,0.012156388318208124,-0.004244546890765875,0.014619434491395376,0.05299428578119733,0.2454188159318136,0.05147613123210047,0.2478496672690066,0.18166895155618754,0.37099098924119595,0.02521470901269842
ad315779-2b39-46c4-8348-b166e796fa7c,dfbe628d-365b-461c-a07f-8b9911ba83aa,ae_waveamp_48,0.06568199074100928,0.10120472642680832,0.24758086513176145,0.45759158944542144,0.53984397049936,0.018625953629740524,0.02658504937382725,0.05226677161548825,0.044696565037964896,0.0592507000004302,0.9645163412991453,0.14890900445610616,0.16980912104432144,0.12708285520750698,0.2823806284488721,0.04028500793149022
ad315779-2b39-46c4-8348-b166e796fa7c,dfbe628d-365b-461c-a07f-8b9911ba83aa,group_pca_pooled_48,0.21316351821554086,0.08619526708023405,0.41152658845342727,0.5710567575814398,0.6182055989725452,-0.015961331894008425,-0.004014581990498624,-0.060764011528647945,-0.022297151517626877,0.003631176249305701,0.035019309210738925,0.47248928965242093,0.9472009629551335,0.3897968836715699,0.38002954606063744,-0.019881180136295234
ad315779-2b39-46c4-8348-b166e796fa7c,dfbe628d-365b-461c-a07f-8b9911ba83aa,group_pca_weighted_48,0.2163343101438768,0.1924759432749787,0.39037589281745844,0.614672228769077,0.6778841368534617,0.0042849921776851735,0.021843104827513022,-0.05499016774165667,-0.018178591464987175,0.04527162272835812,0.9639214854478697,0.36682919961883553,0.5140289982699635,0.2734267286066192,0.4183485023717705,-0.0003538078946175055
ad315779-2b39-46c4-8348-b166e796fa7c,dfbe628d-365b-461c-a07f-8b9911ba83aa,group_wave+amp1_pooled,0.22132308743591678,0.1956689146578937,0.3924150323388703,0.614058138530515,0.6778515204630442,0.005028287168873647,0.022489359653761424,-0.05716094912741395,-0.012376343388527423,0.048706569910245426,0.9639493288251945,0.3668298293824741,0.51768788322008,0.27335664373675816,0.420263338685248,0.0013373848433878247
ad315779-2b39-46c4-8348-b166e796fa7c,dfbe628d-365b-461c-a07f-8b9911ba83aa,waveform+gamma_48,0.0689851074889887,0.2260678235131451,0.358767086651805,0.5812913767701744,0.6382158251499325,-0.053934480222125776,-0.011561076793136978,-0.0056052635436747746,0.018319254036540625,0.047806461391420106,0.9645971712054733,0.26687302414978437,0.3507839601694836,0.28450105341428555,0.37466544391480916,-0.00099502102619536
ae03524f-e493-4077-99b1-588244de9a98,88224abb-5746-431f-9c17-17d7ef806e6a,ae_anatomy_48,0.68518281117557,0.32684447079492346,0.6087257188290002,0.81752170847227,0.8068317652137154,-0.14436656780798357,0.0006632549861867246,-0.005177050973088022,-0.1958844932649916,-0.19744052878151014,0.8926575020775744,0.2286131875572924,0.7185567261360857,0.32687196715503986,0.6490212948970957,-0.10844107716827733
ae03524f-e493-4077-99b1-588244de9a98,88224abb-5746-431f-9c17-17d7ef806e6a,ae_depth_48,0.6892182792479024,0.34294068244894593,0.6111250496132573,0.8185438007220955,0.7941517220926886,-0.12920907696980416,-0.06910619202774519,0.0666416057474254,-0.1890628521411568,-0.19757528586624656,0.8214534536042065,0.18771472019162844,0.6583452953611348,0.28467339254771684,0.651195906824978,-0.10366236025150548
ae03524f-e493-4077-99b1-588244de9a98,88224abb-5746-431f-9c17-17d7ef806e6a,ae_filterbank_48,0.5922503068705816,0.485254547551751,0.5568464663241345,0.7076985523969939,0.6965245569419122,-0.12115199885752193,0.0220276930455747,-0.04102240066000755,-0.1625665556922241,-0.17284490679722658,0.8401435948771627,0.07644222614155942,0.35128425019398674,0.056379310738410654,0.6077148860170747,-0.09511163379228109
ae03524f-e493-4077-99b1-588244de9a98,88224abb-5746-431f-9c17-17d7ef806e6a,ae_global_48,0.722176410316087,0.4291150210843495,0.63527503927059,0.8648589837920092,0.8487418165858411,-0.0584220692686016,-0.0013700929713447267,0.07970648165279134,-0.0466164004881091,-0.05372531046999082,0.4684621161285155,0.21080350760692293,0.8910481894218086,0.3666387744544773,0.7000334542097754,-0.01608547830905098
ae03524f-e493-4077-99b1-588244de9a98,88224abb-5746-431f-9c17-17d7ef806e6a,ae_masked_48,0.68454288104176,0.3372184591358759,0.601365035257783,0.8044716567542196,0.7890663712318737,-0.13895230820034588,0.01709069446926692,0.014941125152301653,-0.18498119326884693,-0.19197602601939123,0.8935012470992577,0.19913304858472,0.7618269606933004,0.30916939691295686,0.6433328806843024,-0.0967755415734031
ae03524f-e493-4077-99b1-588244de9a98,88224abb-5746-431f-9c17-17d7ef806e6a,ae_waveamp_48,0.6662912517765591,0.3831904719620999,0.5847030649853561,0.8031840616266527,0.7939123233038775,-0.1177849402763505,-0.10487125673173057,0.0183525536528305,-0.15920939159152905,-0.15968335323626945,0.9598712160215681,0.2259987603611659,0.6122532545151428,0.16288987395881357,0.646256234730909,-0.10463927763660982
ae03524f-e493-4077-99b1-588244de9a98,88224abb-5746-431f-9c17-17d7ef806e6a,group_pca_pooled_48,0.6747321856709129,0.3836383273431548,0.5641738168756728,0.8257096777968118,0.8032164774994096,-0.1540292017248859,0.025436564312633025,0.07771853277054941,-0.1471381638999097,-0.14658657055504642,0.13397534827049906,0.4148943282942247,0.9766679955562739,0.41398768991405854,0.6502940970371924,-0.06891976781933191
ae03524f-e493-4077-99b1-588244de9a98,88224abb-5746-431f-9c17-17d7ef806e6a,group_pca_weighted_48,0.6989161743006688,0.37100814256758274,0.6189467627670044,0.812253731976013,0.7890009825556893,-0.16730446835268625,0.022883564588100702,0.021840801693057226,-0.1813646575269614,-0.19282477463431424,0.959389890173361,0.356402788343939,0.791921196427968,0.309035788275601,0.6580251588333916,-0.09935390684656079
ae03524f-e493-4077-99b1-588244de9a98,88224abb-5746-431f-9c17-17d7ef806e6a,group_wave+amp1_pooled,0.6991621001390412,0.37006947594929646,0.6190969112832803,0.812284147113304,0.7887085972373862,-0.1642477569127752,0.021030512904115697,0.027637702978925326,-0.17911678711164342,-0.19170961980324808,0.9593938795875243,0.3561554448848281,0.7896132194363147,0.3088409050487707,0.6578642463444616,-0.09728118958892513
ae03524f-e493-4077-99b1-588244de9a98,88224abb-5746-431f-9c17-17d7ef806e6a,waveform+gamma_48,0.6992722223769896,0.24148284803548473,0.603495950694569,0.8351650987549903,0.8169125008629274,-0.10162761478539958,-0.12409955930017408,0.008872457417678024,-0.16572030909553745,-0.1457341919284646,0.9594950849795623,0.2709273512524363,0.5228369374986909,0.2959244259959518,0.6392657241449922,-0.10566184353837953
b2ea68e2-c732-4d17-8166-1a8595fff225,3f859b5c-e73a-4044-b49e-34bb81e96715,ae_anatomy_48,0.6715373470125652,0.6979621887293329,0.42670919714586303,0.6785295139503624,0.6302922031244316,0.19469222873964026,0.1707232472395993,0.016031091147221625,0.11008298215216358,0.0859830283981334,0.7627792676895135,0.612616564235956,0.815874498795032,0.5018796932847186,0.6210060899925111,0.11550251553535165
b2ea68e2-c732-4d17-8166-1a8595fff225,3f859b5c-e73a-4044-b49e-34bb81e96715,ae_depth_48,0.6399166757832919,0.7216752151620281,0.4252567831046279,0.6748291865114567,0.6404858091127329,0.19165127552718197,0.19619112173936737,0.0615059794225233,0.1639865699820549,0.12556486621094642,0.904564160148059,0.5968363785723323,0.8306346375051298,0.4674803860432801,0.6204327339348275,0.1477799625764148
b2ea68e2-c732-4d17-8166-1a8595fff225,3f859b5c-e73a-4044-b49e-34bb81e96715,ae_filterbank_48,0.5995861104774671,0.6312907478472892,0.3979305012574535,0.5566780513928935,0.5483239099035102,0.11071730183303283,0.1492800880093935,0.04473508898863378,0.17759983298931736,0.10870324111462842,0.833215997712643,0.42729227664662384,0.6367498505469132,0.27734047402692835,0.5467618641757228,0.11820711058700117
b2ea68e2-c732-4d17-8166-1a8595fff225,3f859b5c-e73a-4044-b49e-34bb81e96715,ae_global_48,0.6578750636544131,0.7650476435695373,0.4435884290877567,0.7085834269527683,0.6784543928416924,0.17576094992843175,0.14193655633719526,0.0646798247592677,0.11655154817965592,0.09872513080480241,0.6207920104592087,0.6044717397568189,0.8921657227672772,0.5425393803689741,0.6507097912212336,0.1195308020018706
b2ea68e2-c732-4d17-8166-1a8595fff225,3f859b5c-e73a-4044-b49e-34bb81e96715,ae_masked_48,0.6571816294495451,0.7405827168348509,0.45337448006092834,0.6760881249460284,0.62233757494671,0.19206259222958477,0.14807256435020044,0.0659779062419992,0.11754940644723819,0.10333692756178188,0.8814280084167923,0.6725043640619613,0.8432624179221844,0.5171044148383355,0.6299129052476126,0.1253998793661609
b2ea68e2-c732-4d17-8166-1a8595fff225,3f859b5c-e73a-4044-b49e-34bb81e96715,ae_waveamp_48,0.6303869674643725,0.6300677994518521,0.4114710065758881,0.662892384605672,0.6233648404485409,0.18333822395324817,0.21597476396441578,-0.005463160221430551,0.13847715309341813,0.13079269231887197,0.9754067938447586,0.39586733749886055,0.5186998074762168,0.310314853939267,0.5916365997092651,0.13262393462170471
b2ea68e2-c732-4d17-8166-1a8595fff225,3f859b5c-e73a-4044-b49e-34bb81e96715,group_pca_pooled_48,0.6371657229748702,0.7392354149138995,0.3838254722945594,0.6686255144240442,0.6448398763711545,0.17516642872171526,0.1502257786674403,0.025930889606049223,0.09975307670562812,0.059636675960863875,0.15591807922531847,0.7932761979993732,0.9936444431055425,0.634232089978332,0.6147384001957056,0.10214256993233935
b2ea68e2-c732-4d17-8166-1a8595fff225,3f859b5c-e73a-4044-b49e-34bb81e96715,group_pca_weighted_48,0.6720960951369694,0.7703980326393637,0.427384671706598,0.6932224370856296,0.6690005756088061,0.20753695704123643,0.1928310143792603,0.040557600556625224,0.11585430644742602,0.10260093128472057,0.9760989171926847,0.77493230214171,0.9081797667421985,0.5684185709528957,0.6464203624354733,0.13187616194185373
b2ea68e2-c732-4d17-8166-1a8595fff225,3f859b5c-e73a-4044-b49e-34bb81e96715,group_wave+amp1_pooled,0.6721438792695497,0.770339780702085,0.4271709102952807,0.6933645635827776,0.6691831408028796,0.20741208819044332,0.1927692615756078,0.04006811950924315,0.11526587908953265,0.10213955999597649,0.9761071423490361,0.7749441210205286,0.908076279109747,0.5686171541600733,0.6464404549305145,0.13153098167216068
b2ea68e2-c732-4d17-8166-1a8595fff225,3f859b5c-e73a-4044-b49e-34bb81e96715,waveform+gamma_48,0.621061184525694,0.6104543200945871,0.4144763976489121,0.5856730228627808,0.5720434922839863,0.15040665142838583,0.1630572347728329,0.07302659449055517,0.13543513229648207,0.08586263468377706,0.9756509720808569,0.5747839452318526,0.902104001066862,0.7195363080272444,0.5607416834831921,0.12155764953440659
bbe6ebc1-d32f-42dd-a89c-211226737deb,1b715600-0cbc-442c-bd00-5b0ac2865de1,ae_anatomy_48,0.368326631449587,0.4073139828444274,0.43677009902728964,0.6871679150678189,0.6977932419241559,-0.0354593579177312,0.06325266668240888,0.21434394618373803,0.03782068107072467,-0.012142347644082965,0.911844645883221,0.27619209753229185,0.5736096620745422,0.23124531007766141,0.5194743740626558,0.053563117675011485
bbe6ebc1-d32f-42dd-a89c-211226737deb,1b715600-0cbc-442c-bd00-5b0ac2865de1,ae_depth_48,0.37411995721571506,0.40864237882990295,0.4094927660943353,0.6759391226754876,0.6854219375344044,-0.03267912336299408,0.12941075874763622,0.20700876526435227,0.06611310854231292,0.002517926612351465,0.823936567117334,0.2605386360388152,0.4993183160744298,0.14570757655882555,0.5107232324699691,0.07447428716073176
bbe6ebc1-d32f-42dd-a89c-211226737deb,1b715600-0cbc-442c-bd00-5b0ac2865de1,ae_filterbank_48,0.3368469958287724,0.4002049196827565,0.39776231834490144,0.6802700415765955,0.6979388987714934,-0.03402543046903255,0.07231511954205723,0.173000759134472,0.15804214237334752,0.11753098992895503,0.8792682025688706,0.10984856489087783,0.36974863055157675,0.0765592005288921,0.5026046348409039,0.09737271610195986
bbe6ebc1-d32f-42dd-a89c-211226737deb,1b715600-0cbc-442c-bd00-5b0ac2865de1,ae_global_48,0.38689451270977265,0.4601698381353007,0.41769747012250447,0.7286778749457548,0.7414141480068815,-0.015074239152663474,0.09315930341309642,0.19169681963841673,0.023099325182180556,-0.009931125014716477,0.5121641380737203,0.3313356426321542,0.8433551155865815,0.3494086421595675,0.5469707687840428,0.05659001681326274
bbe6ebc1-d32f-42dd-a89c-211226737deb,1b715600-0cbc-442c-bd00-5b0ac2865de1,ae_masked_48,0.349371023164877,0.37668212332673257,0.4084237990349209,0.6962899434409889,0.708529576083264,-0.019710757820718877,0.09425784278172386,0.24376596860636401,0.09280341630666593,0.0592234244778163,0.91579047238936,0.22540717133382648,0.5225971534006354,0.19720720402939362,0.5078592930101566,0.09406797887037024
bbe6ebc1-d32f-42dd-a89c-211226737deb,1b715600-0cbc-442c-bd00-5b0ac2865de1,ae_waveamp_48,0.3518750260540805,0.37069439030599344,0.3907656415751416,0.6670930513473056,0.6800567593605155,0.014569554955796975,0.09456781570540393,0.230356875083787,0.07156425101346608,0.040337240173585975,0.9849243036588231,0.2365745415982234,0.3522416702440692,0.10484672923421215,0.4920969737286073,0.09027914738640799
bbe6ebc1-d32f-42dd-a89c-211226737deb,1b715600-0cbc-442c-bd00-5b0ac2865de1,group_pca_pooled_48,0.3849856572309206,0.40720916610306823,0.4058305913986969,0.7231207744469557,0.7355308574584908,-0.022304290735898777,0.047489595701964774,0.21309299896803946,0.04910933317901137,0.013133464539922,0.08307057782936918,0.6363007135603969,0.9907829158247209,0.45656571328997386,0.5313354093276265,0.06010422033060776
bbe6ebc1-d32f-42dd-a89c-211226737deb,1b715600-0cbc-442c-bd00-5b0ac2865de1,group_pca_weighted_48,0.35384562197899977,0.4441106621596925,0.39691758398171795,0.6889692332414797,0.7134820826629558,-0.04694749721604666,-0.07015831590792272,0.2113491589410828,0.09287205334500437,0.04676289009508946,0.9848720645082685,0.5737881830236116,0.8068216441403494,0.38843627736834185,0.5194650368049691,0.04677565785144145
bbe6ebc1-d32f-42dd-a89c-211226737deb,1b715600-0cbc-442c-bd00-5b0ac2865de1,group_wave+amp1_pooled,0.35345029973878694,0.44884732145711653,0.39894080997695264,0.6884494581070693,0.7124865908868301,-0.0408916251733417,-0.069559631665889,0.21440911271620447,0.09234679311525248,0.047212362717605406,0.9849059401959175,0.5738186872751823,0.8069297679044163,0.38881240765739944,0.5204348960333511,0.04870340234196634
bbe6ebc1-d32f-42dd-a89c-211226737deb,1b715600-0cbc-442c-bd00-5b0ac2865de1,waveform+gamma_48,0.04806064766689723,0.027144411207242,0.15797850598411284,0.29994917277193983,0.3287652348904635,0.0122441607128124,-0.009587238446609725,0.03417546598893175,0.012797675180568575,-0.0029558417665871894,0.9851559829626794,0.052341670697658875,-0.0205131349743622,-0.029909339719641072,0.17237959450413107,0.009334844333823162
ca5404f7-297c-40f1-bbf0-5ac0a63e24f8,4a45c8ba-db6f-4f11-9403-56e06a33dfa4,ae_anatomy_48,0.6418767127052116,0.5668096415687962,0.5899294092031291,0.66315898648968,0.6393809085547142,-0.05995769105145937,-0.003662712116833675,-0.03314776887749528,-0.06313489374201653,-0.06262267652512497,0.8409112554076787,0.0857453966743455,0.5721961656628192,0.13937570226539947,0.6202311317043062,-0.044505148462585964
ca5404f7-297c-40f1-bbf0-5ac0a63e24f8,4a45c8ba-db6f-4f11-9403-56e06a33dfa4,ae_depth_48,0.7120914517916378,0.6192697546845465,0.5978641219690997,0.6875411794298717,0.65110719962918,-0.09265750754949377,0.023684702755490304,-0.0227693690927139,-0.15600238553385734,-0.13880514504190783,0.8010896617742641,0.1019771531084209,0.6283050996082955,0.15934515117852008,0.6535747415008671,-0.07730994089249651
ca5404f7-297c-40f1-bbf0-5ac0a63e24f8,4a45c8ba-db6f-4f11-9403-56e06a33dfa4,ae_filterbank_48,0.6682137572596867,0.40922545424751294,0.5717721960239325,0.6995732710701783,0.659409304666077,-0.0016037032067328242,-0.13060075648161726,-0.03301502358159027,-0.03691373308369372,-0.11598148248587839,0.8294707635328734,0.07794718203269504,0.5923073998869521,0.08337927358430416,0.6016387966534775,-0.0636229397679025
ca5404f7-297c-40f1-bbf0-5ac0a63e24f8,4a45c8ba-db6f-4f11-9403-56e06a33dfa4,ae_global_48,0.8164403761183301,0.6628356915616864,0.6249500951628733,0.7756230186160029,0.7510870927470248,-0.13863008414857309,0.023490958091214348,-0.04010154926859435,-0.19437893143127283,-0.26056263585848477,0.7106828719618588,0.23828554082161485,0.9261683588002542,0.2734228723361474,0.7261872548411835,-0.12203644852314213
ca5404f7-297c-40f1-bbf0-5ac0a63e24f8,4a45c8ba-db6f-4f11-9403-56e06a33dfa4,ae_masked_48,0.7695311885798697,0.6253438195841463,0.629529237982396,0.6910280035920443,0.6629048552436785,-0.11336573909443781,0.010757018048174402,-0.0576809129157252,-0.1856144831488858,-0.24533229319561184,0.6506652773000516,0.12645692593051125,0.8141769506937587,0.27225558753491064,0.6756674209964271,-0.11824728206129724
ca5404f7-297c-40f1-bbf0-5ac0a63e24f8,4a45c8ba-db6f-4f11-9403-56e06a33dfa4,ae_waveamp_48,0.7020022228138278,0.553132585966382,0.5882743103743631,0.6786677548836225,0.6523073926829405,-0.10654457218363966,-0.14926833303466908,-0.062177177405189174,-0.1346192196982257,-0.16708197822235094,0.8859549278142924,0.11560974652182843,0.4209209203066532,0.08303645047981478,0.6348768533442272,-0.12393825610881493
ca5404f7-297c-40f1-bbf0-5ac0a63e24f8,4a45c8ba-db6f-4f11-9403-56e06a33dfa4,group_pca_pooled_48,0.8160636240125334,0.651653491419783,0.5938829033720429,0.7690763169797732,0.7405134917085939,-0.15989875248919064,-0.036751365138330244,-0.023432141123191773,-0.24997512169176433,-0.28651644777557145,0.046883934720427074,0.4080156676405706,0.9852808031501787,0.3931963250548982,0.7142379654985452,-0.1513147656436097
ca5404f7-297c-40f1-bbf0-5ac0a63e24f8,4a45c8ba-db6f-4f11-9403-56e06a33dfa4,group_pca_weighted_48,0.7728447185090556,0.623396512476797,0.6017002641104567,0.750965819269191,0.7257657360720046,-0.1328699222276028,-0.14328370546547448,0.01922015747746187,-0.21790232321817996,-0.24568387409900339,0.8850389136373005,0.29877284751288036,0.8161986041552036,0.24125515862714392,0.694934610087501,-0.14410393350655976
ca5404f7-297c-40f1-bbf0-5ac0a63e24f8,4a45c8ba-db6f-4f11-9403-56e06a33dfa4,group_wave+amp1_pooled,0.772567693824181,0.6225312396638536,0.6013880383839482,0.7512112374715685,0.7258079958284924,-0.13218883189204153,-0.1490976561349164,0.023194248263463273,-0.22091136845774173,-0.24807902423233835,0.8851212800193996,0.29852688627187435,0.8163975924261417,0.24131356722333086,0.6947012410344087,-0.14541652649071496
ca5404f7-297c-40f1-bbf0-5ac0a63e24f8,4a45c8ba-db6f-4f11-9403-56e06a33dfa4,waveform+gamma_48,0.7669062618763816,0.5307144653453919,0.6086198870960382,0.7403219454479506,0.7060032976892466,-0.11847468754425695,0.005151008865557874,7.652566552147216e-05,-0.08142035937447395,-0.1499749759543181,0.8821222905141717,0.2483851679941529,0.5850594727029892,0.266633835193417,0.6705131714910018,-0.06892849766839393
caf2170c-5463-46ce-8cd0-66f2e1e3376d,7416f387-b302-4ca3-8daf-03b585a1b7ec,ae_anatomy_48,0.26933153007348526,0.3934157352992591,0.7114511102098184,0.7939126553628428,0.7615980740761159,-0.006571350652547953,0.038990479070261146,-0.024563447836521174,0.03652379431217523,0.01699406101806755,0.8396055232642374,0.22017659507801723,0.7195563959489604,0.427114823322441,0.5859418210043044,0.012274707182286959
caf2170c-5463-46ce-8cd0-66f2e1e3376d,7416f387-b302-4ca3-8daf-03b585a1b7ec,ae_depth_48,0.2831482910681613,0.36835113931356417,0.713700394172994,0.7922755704064419,0.7542586759242107,-0.027360929482952576,0.05723804652921435,-0.0278687938748111,0.0534183472689939,0.035693410891797395,0.775466099672823,0.19204412621556294,0.7021350200638259,0.39307594626268805,0.5823468141770745,0.018224016266448394
caf2170c-5463-46ce-8cd0-66f2e1e3376d,7416f387-b302-4ca3-8daf-03b585a1b7ec,ae_filterbank_48,0.2664283050992766,0.320267147032615,0.7073562319029909,0.7814538268181874,0.7692236006001686,-0.03092808038366165,-0.011364895221458629,-0.008422709808872327,0.07758540510147525,0.03238727998387278,0.8209254602267699,0.12293465835945397,0.5262248764236457,0.22947302808498746,0.5689458222906476,0.011851399934271084
caf2170c-5463-46ce-8cd0-66f2e1e3376d,7416f387-b302-4ca3-8daf-03b585a1b7ec,ae_global_48,0.3314329434943565,0.43716062165493336,0.742242117674319,0.8112397655073634,0.7864973711665856,-0.03856578255167505,0.08004569589342575,-0.074243155887981,0.11091548981567587,0.0820111858468315,0.6261835851837748,0.25792163842413524,0.924406038998719,0.5134396632404268,0.6217145638995116,0.03203268662325541
caf2170c-5463-46ce-8cd0-66f2e1e3376d,7416f387-b302-4ca3-8daf-03b585a1b7ec,ae_masked_48,0.30262218885178577,0.40856344204704226,0.7211897155178004,0.8111045608554535,0.7803865053792166,-0.04150215172899265,-0.00897567538132555,-0.049546034080887875,0.05063577091580823,0.03869082039154553,0.8558896563717462,0.20285338858104968,0.7284076654852748,0.41280976382750884,0.6047732825302597,-0.0021394539767704613
caf2170c-5463-46ce-8cd0-66f2e1e3376d,7416f387-b302-4ca3-8daf-03b585a1b7ec,ae_waveamp_48,0.3019092015515173,0.3125749620296172,0.740104827550284,0.8071911770877814,0.7750810444881217,-0.033773827283417324,0.022774518137993416,-0.050462405397243,0.07869585518871593,0.09241479142408568,0.9202202353456964,0.24879624443517379,0.7323834046858451,0.34520809383987044,0.5873722425414643,0.02192978641402694
caf2170c-5463-46ce-8cd0-66f2e1e3376d,7416f387-b302-4ca3-8daf-03b585a1b7ec,group_pca_pooled_48,0.31345103514078376,0.36680402270632656,0.6579443067962515,0.7972869829135082,0.768179716406885,-0.03775153138370942,0.07573107321295056,-0.16021790739499212,0.04823043044216828,0.06158587318951782,0.14950450034186766,0.43668871593096537,0.9817994645563537,0.5540619643703217,0.5807332127927509,-0.0024844123868129784
caf2170c-5463-46ce-8cd0-66f2e1e3376d,7416f387-b302-4ca3-8daf-03b585a1b7ec,group_pca_weighted_48,0.29776652612399696,0.33236828137757457,0.721691865848384,0.803964155275394,0.7840800125021944,-0.016918728590457125,0.09115588394188964,-0.06876515988690002,0.044065253760232403,0.0409084499044714,0.9192303467964664,0.35875503283545723,0.8490971098046527,0.4444381391428803,0.5879741682255087,0.018089139825847263
caf2170c-5463-46ce-8cd0-66f2e1e3376d,7416f387-b302-4ca3-8daf-03b585a1b7ec,group_wave+amp1_pooled,0.2986324266117894,0.33521993248747567,0.7211050737456037,0.8040248780857026,0.7845182165055032,-0.015084820412939551,0.09044756625280814,-0.0693287682853316,0.04324432016092195,0.03982217321493875,0.9192369595366856,0.3587635736688992,0.8490616667798069,0.4444436317710021,0.588700105487215,0.01782009418607954
caf2170c-5463-46ce-8cd0-66f2e1e3376d,7416f387-b302-4ca3-8daf-03b585a1b7ec,waveform+gamma_48,0.3062713645836196,0.22272819937053284,0.7161809925374769,0.7919968313673542,0.7737218855681206,-0.050518014302566853,0.047015264450039944,-0.03179705198809745,0.07104181029492404,0.06240506316130651,0.9182650838604609,0.30497982374132754,0.6318700025675136,0.43426451204391214,0.5621798546854209,0.019629414323121236
ce99545f-c6a5-4d53-8b68-0ceb78bd942e,d23a44ef-1402-4ed7-97f5-47e9a7a504d9,ae_anatomy_48,0.8344709123376375,0.7044609675133544,0.7063734736051333,0.8305697452057854,0.8164728025876835,-0.0895261923279717,0.15343116844021323,0.11782596769145084,0.058663033645093635,0.06996612379786812,0.7856935826710885,0.41932147478805837,0.939349424868448,0.556240012327539,0.7784695802499189,0.062072020249330825
ce99545f-c6a5-4d53-8b68-0ceb78bd942e,d23a44ef-1402-4ed7-97f5-47e9a7a504d9,ae_depth_48,0.8174256385325401,0.7190477830072931,0.7029144603418793,0.8330334778869808,0.8234272285532174,-0.09551772595395414,0.15601420609101055,0.10551042063012309,0.04124484963772933,0.043222061212043375,0.8827088750136531,0.42027102238141784,0.9225578120124149,0.5181437364638481,0.7791697176643821,0.05009476232339044
ce99545f-c6a5-4d53-8b68-0ceb78bd942e,d23a44ef-1402-4ed7-97f5-47e9a7a504d9,ae_filterbank_48,0.8321965215811263,0.6132680469157462,0.7198229272157487,0.8194476629281258,0.8155135295140954,-0.1106599533501235,0.0874231563762774,0.10386271521263837,-0.00981754236792175,-0.0004658704465547725,0.8409496899498947,0.34133733309879283,0.8361222195354271,0.4297348884464161,0.7600497376309685,0.01406850108486315
ce99545f-c6a5-4d53-8b68-0ceb78bd942e,d23a44ef-1402-4ed7-97f5-47e9a7a504d9,ae_global_48,0.8341129891317128,0.740924038988181,0.7042492547107406,0.8304023735799095,0.8189940963317369,-0.10137173802555469,0.05855170716178405,0.09209684415091121,0.011798578595369598,0.013929805541930618,0.7482196390624268,0.41614942423411244,0.9704551978489162,0.5476407215297837,0.7857365505484561,0.01500103948488816
ce99545f-c6a5-4d53-8b68-0ceb78bd942e,d23a44ef-1402-4ed7-97f5-47e9a7a504d9,ae_masked_48,0.8400673527655422,0.6978040775513494,0.7130760929917045,0.8328435412442763,0.8287897812876751,-0.0733322174524757,0.12713826969557615,0.10707679625173067,0.0634087055883854,0.06449903792758574,0.8752728573163854,0.4252398668827789,0.9457558897163879,0.5492511236405412,0.7825161691681094,0.057758118402160455
ce99545f-c6a5-4d53-8b68-0ceb78bd942e,d23a44ef-1402-4ed7-97f5-47e9a7a504d9,ae_waveamp_48,0.808041361673865,0.7022319504066039,0.7134837184798732,0.8295252618606486,0.8212358583621368,-0.05227475107335472,0.17991112755296593,0.10727734664404492,0.03903774966706805,0.0382471046173707,0.9295273330905042,0.3839911206435327,0.8211656022058613,0.4674935887765631,0.7749036301566254,0.062439715481618974
ce99545f-c6a5-4d53-8b68-0ceb78bd942e,d23a44ef-1402-4ed7-97f5-47e9a7a504d9,group_pca_pooled_48,0.7862767622249671,0.7008784495252754,0.6776144554298486,0.8000600420937924,0.7791117339138194,-0.05941827165391351,0.02240638899183986,0.08566554115040938,0.058639334947050856,0.03919668876405928,0.27935218189818845,0.5301156057695897,0.9945283100891159,0.6247364528594788,0.7487882886375407,0.02929793643988917
ce99545f-c6a5-4d53-8b68-0ceb78bd942e,d23a44ef-1402-4ed7-97f5-47e9a7a504d9,group_pca_weighted_48,0.844512835905747,0.7147318642253186,0.7183919329385196,0.8385393471246064,0.8232860438167092,-0.05336404041281395,0.16406664659705777,0.10684542992415905,0.0690511260313652,0.07606087970558133,0.9285638267739952,0.4899437907535204,0.9593170778440323,0.5719523824157697,0.7878924048021803,0.0725320083690699
ce99545f-c6a5-4d53-8b68-0ceb78bd942e,d23a44ef-1402-4ed7-97f5-47e9a7a504d9,group_wave+amp1_pooled,0.8445083456006898,0.7141777811830358,0.7184207519973136,0.838441980240341,0.8232242111660844,-0.0530834403212484,0.16371614626171244,0.10694971185629781,0.06908981226266868,0.07603781559633133,0.9285938540032816,0.4899356377330599,0.9592622193589155,0.5724661095270455,0.7877546140374928,0.07254200913115237
ce99545f-c6a5-4d53-8b68-0ceb78bd942e,d23a44ef-1402-4ed7-97f5-47e9a7a504d9,waveform+gamma_48,0.8086623275030197,0.6906584554362996,0.6863503501930165,0.8423945936099024,0.83027699354118,-0.10965764336896472,0.14573633422947502,0.10068158680725763,0.06630192369936438,0.06308342956264902,0.9291626798754113,0.4698923371337966,0.9109716221027815,0.5695162615228981,0.7716685440566835,0.053229126185956266
d0046384-16ea-4f69-bae9-165e8d0aeacf,caa5dddc-9290-4e27-9f5e-575ba3598614,ae_anatomy_48,0.38853050434972675,0.28566213664607193,0.4614846334827717,0.7098601629735484,0.6819448297459992,-0.03586907946496915,-0.0028653078336193724,-0.06072504811201037,-0.006036905037286801,-0.02487349078795705,0.959701469276451,0.31485097081126256,0.6137963761593543,0.22912443415324163,0.5054964534396236,-0.02607396624716855
d0046384-16ea-4f69-bae9-165e8d0aeacf,caa5dddc-9290-4e27-9f5e-575ba3598614,ae_depth_48,0.3912358802087367,0.2771992877109142,0.4686336269421941,0.7034733535433582,0.6792987556292668,-0.0357163888484962,-0.03435443500093183,-0.043506765126592774,-0.03625202958726635,-0.05353271484748305,0.8943039429430716,0.2766632598743286,0.551820032731938,0.20190159241400402,0.503968180806894,-0.04067246668215404
d0046384-16ea-4f69-bae9-165e8d0aeacf,caa5dddc-9290-4e27-9f5e-575ba3598614,ae_filterbank_48,0.3008380450593662,0.21072899973011788,0.3451978612056166,0.6124622504561064,0.5949500884120393,0.008673328209671826,0.01687385991700105,-0.058856231006450856,-0.05401973464022825,-0.051889965661586074,0.8981327148968452,0.14083772780017834,0.4531597119752547,0.11506842254493188,0.41283544897264923,-0.02784374863631846
d0046384-16ea-4f69-bae9-165e8d0aeacf,caa5dddc-9290-4e27-9f5e-575ba3598614,ae_global_48,0.3876105050266694,0.2778599187396571,0.4891984181316589,0.75736972162605,0.7163459841311155,-0.04748560136312245,0.10547941436603137,-0.13049353047100654,-0.0138984079803748,-0.012251348774959151,0.5677973301703686,0.327626649150363,0.859863549603502,0.3742586829713969,0.5256769095310302,-0.019729894844686312
d0046384-16ea-4f69-bae9-165e8d0aeacf,caa5dddc-9290-4e27-9f5e-575ba3598614,ae_masked_48,0.35241654420149826,0.1592435270857278,0.37050940567492624,0.6780676243740171,0.6426595072835055,0.024952163916572675,-0.017348938478985446,-0.02807288815876263,0.019649852381943264,0.006418902527968048,0.9536658871523676,0.27656501388535065,0.56711661890845,0.19864756318436239,0.440579321723935,0.0011198184377471825
d0046384-16ea-4f69-bae9-165e8d0aeacf,caa5dddc-9290-4e27-9f5e-575ba3598614,ae_waveamp_48,0.37012621926466654,0.24584119102008295,0.4675439277182463,0.6908397121465555,0.6744901145675455,0.02747428532094615,-0.0028674680214673502,-0.07249462809598235,-0.03174329496423166,-0.030875378301511575,0.9948383477916682,0.3246846268847785,0.4634045085567751,0.12555025437852146,0.4897682329434193,-0.022101296812449357
d0046384-16ea-4f69-bae9-165e8d0aeacf,caa5dddc-9290-4e27-9f5e-575ba3598614,group_pca_pooled_48,0.3848775216104271,0.22652853529435824,0.48162357581224613,0.7460306722939692,0.6970681071591422,-0.06800007791035345,0.04976381804935807,-0.042611626747245626,0.04923226117940813,-0.024194299856505473,0.13842172412240264,0.6288488756797151,0.9895210485251651,0.4488089175299591,0.5072256824340287,-0.007161985057067671
d0046384-16ea-4f69-bae9-165e8d0aeacf,caa5dddc-9290-4e27-9f5e-575ba3598614,group_pca_weighted_48,0.3570144633328016,0.1921560592940747,0.41062558260970194,0.7152907829096111,0.674291533779457,-0.057828843134119824,0.08171500137503035,-0.045205538525238016,0.005080733395607502,-0.03577953920132053,0.9947965083681266,0.5820463215979075,0.851683409832303,0.3432685960551125,0.4698756843851292,-0.010403637218008103
d0046384-16ea-4f69-bae9-165e8d0aeacf,caa5dddc-9290-4e27-9f5e-575ba3598614,group_wave+amp1_pooled,0.35625812382965444,0.19129908729440764,0.432923956918835,0.7155932169711154,0.6738579463139514,-0.06433422512721018,0.0827696941426218,-0.048981731323800175,0.004329520411438227,-0.0356563308396357,0.9947971614539179,0.5822908278738794,0.8516096561453235,0.3439065928132216,0.4739864662655927,-0.012374614547317208
d0046384-16ea-4f69-bae9-165e8d0aeacf,caa5dddc-9290-4e27-9f5e-575ba3598614,waveform+gamma_48,0.11603451559605027,0.12371570117460567,0.11498262378436715,0.4055312146297091,0.4064276072407602,0.020400596338113225,0.0553235452375185,-0.028188473245018927,0.03133873014528577,0.054438375899573024,0.9949193677672442,0.09082890309405725,0.1095912402779615,-0.00696177568490494,0.23333833248509847,0.026662554875094325
d4291925-ad00-47fe-baaf-3fdff0991e86,f819d499-8bf7-4da0-a431-15377a8319d5,ae_anatomy_48,0.48886655279256164,0.4089155478446441,0.5271900075634677,0.7478805031045266,0.7646016480205672,-0.08634677004901664,0.10150536972553562,0.11488611492665216,-0.05628459548563597,-0.06034643272502495,0.8124759785748525,0.20675365988958708,0.7547953152806164,0.35693694964453915,0.5874908518651535,0.0026827372785020428
d4291925-ad00-47fe-baaf-3fdff0991e86,f819d499-8bf7-4da0-a431-15377a8319d5,ae_depth_48,0.4565859257523547,0.36544543243883404,0.5024913934942788,0.7479818434887593,0.7576254349440467,-0.028588146840896098,0.1297430980520185,0.0971318610386094,-0.045953343683248125,-0.055357787956649626,0.9461411810697863,0.26102146739621357,0.7179432134358839,0.33178025641909425,0.5660260060236546,0.01939513612196681
d4291925-ad00-47fe-baaf-3fdff0991e86,f819d499-8bf7-4da0-a431-15377a8319d5,ae_filterbank_48,0.3670116874449409,0.32827342627199513,0.5512751351699171,0.7297942328801242,0.7465964215209892,-0.027461115014899198,0.03323529471163697,0.013500526344398325,-0.09403911706082795,-0.08803103580069666,0.8338405690331709,0.12256945336159406,0.5220089954342169,0.16382704339951484,0.5445901806575932,-0.0325590893640777
d4291925-ad00-47fe-baaf-3fdff0991e86,f819d499-8bf7-4da0-a431-15377a8319d5,ae_global_48,0.532533529539007,0.47779698086677524,0.5295370568374571,0.7885795278520129,0.8004578060918176,-0.10944607219877284,0.09814496701219133,0.10545486920903117,-0.07409438194315722,-0.0846369654008383,0.7159249373716723,0.24722838953813175,0.8612590247049977,0.30610668379033923,0.6257809802374139,-0.01291551666430917
d4291925-ad00-47fe-baaf-3fdff0991e86,f819d499-8bf7-4da0-a431-15377a8319d5,ae_masked_48,0.46624638350702174,0.4548920425560745,0.48721981954967797,0.7190039570675082,0.7290203007696984,-0.10249055714942311,0.11904264994116688,0.12095106523366193,-0.007355543485555099,-0.01061636149907075,0.9325944482812286,0.2727671007606539,0.8159319775128167,0.36767915636671694,0.5712765006899961,0.02390625060815597
d4291925-ad00-47fe-baaf-3fdff0991e86,f819d499-8bf7-4da0-a431-15377a8319d5,ae_waveamp_48,0.44984965784837283,0.35015391772529725,0.49332780694393774,0.679629298144106,0.7038753491764542,-0.0242369145492866,0.04128381426476726,0.05739736530302385,0.002178341423462949,-0.006618363016249074,0.9830257743690368,0.2886053483962769,0.44626857922876934,0.18271446805656588,0.5353672059676337,0.014000848685143678
d4291925-ad00-47fe-baaf-3fdff0991e86,f819d499-8bf7-4da0-a431-15377a8319d5,group_pca_pooled_48,0.4991463157358571,0.49008148347356906,0.4667675368282507,0.7563036930270288,0.7677212988881466,-0.17422968076955936,0.0547087930795186,0.11768869853160217,0.02361992957362613,0.028719445254091,0.0285919684802654,0.5227193674238817,0.9836112438069926,0.4595696858324348,0.5960040655905705,0.010101437133855707
d4291925-ad00-47fe-baaf-3fdff0991e86,f819d499-8bf7-4da0-a431-15377a8319d5,group_pca_weighted_48,0.4949085305703004,0.41819210704910215,0.5199209028707252,0.7611943499098479,0.7657225414557224,-0.10175448949405337,0.08307130589200473,0.0966960954274807,0.024571411684663404,0.019840826296363526,0.9830330467905014,0.44189870112421176,0.7792192678305072,0.34950287984172257,0.5919876863711396,0.024485029961291798
d4291925-ad00-47fe-baaf-3fdff0991e86,f819d499-8bf7-4da0-a431-15377a8319d5,group_wave+amp1_pooled,0.49407871116916147,0.41832438527860716,0.5199271112601692,0.761295473033762,0.7658054692928628,-0.10333972424473613,0.08212301696869898,0.09691783341001359,0.02300683465749135,0.016950902350097653,0.9830332531192245,0.44170428737396766,0.7796143819650144,0.34901748391905635,0.5918862300069125,0.023131772628313087
d4291925-ad00-47fe-baaf-3fdff0991e86,f819d499-8bf7-4da0-a431-15377a8319d5,waveform+gamma_48,0.44444654785466703,0.20292460815791125,0.5273097837889298,0.6998970419701463,0.7101613775836432,-0.07476471779139406,0.028797866589205072,0.10395479056339983,-0.18054327389413946,-0.18090299329306272,0.9830343185388879,0.2944980195268406,0.5604022778623364,0.32454762871014886,0.5169478718710596,-0.06069166556519827
d5e5311c-8beb-4f8f-b798-3e9bfa6bcdd8,5c0c560e-9e1f-45e9-b66e-e4ee7855be84,ae_anatomy_48,0.6412414487197757,0.46860596646632435,0.5275974642429186,0.6929425639058557,0.6475897105830359,-0.003948383757038931,-0.137341799661079,0.0286196808212439,-0.06753163081625908,-0.058866279895698974,0.9238923228665871,0.23197656054944749,0.6517354361629675,0.31714288788690626,0.5955954307835821,-0.04781368266176642
d5e5311c-8beb-4f8f-b798-3e9bfa6bcdd8,5c0c560e-9e1f-45e9-b66e-e4ee7855be84,ae_depth_48,0.6224654354905492,0.3903446836356058,0.44687893803512935,0.6665035804297166,0.6198096139264577,0.011607547635371127,-0.08973604117773158,0.07158579009168567,0.016174785521995104,0.03002617483723025,0.9336345523692272,0.12124577896593905,0.29295041378393205,0.2031050806541401,0.5492004503034917,0.007931651381710115
d5e5311c-8beb-4f8f-b798-3e9bfa6bcdd8,5c0c560e-9e1f-45e9-b66e-e4ee7855be84,ae_filterbank_48,0.6303936572114794,0.547115976052382,0.49530147229957144,0.7064503216757222,0.6395538719766661,0.14968564804178192,-0.15061157030608732,0.16145084782914615,0.091705344165164,0.0965556829694099,0.8439506262646473,0.14603755779595878,0.4945647350013789,0.24543045367479385,0.6037630598431643,0.06975719053988293
d5e5311c-8beb-4f8f-b798-3e9bfa6bcdd8,5c0c560e-9e1f-45e9-b66e-e4ee7855be84,ae_global_48,0.7055706444686826,0.4867543754146226,0.6145396328274562,0.7459702352403043,0.7131944534222066,0.14081714702693537,-0.006600403490582493,0.1765045272110415,0.125375858676425,0.1062992468781037,0.7414045221341878,0.39292760365361123,0.9113035555247025,0.3571963448901887,0.6532058682746544,0.10847927526038462
d5e5311c-8beb-4f8f-b798-3e9bfa6bcdd8,5c0c560e-9e1f-45e9-b66e-e4ee7855be84,ae_masked_48,0.6214436858145613,0.41474753886219373,0.5131881833671379,0.7016862300777389,0.6583058506431518,0.009659608540465277,-0.1001021182458339,0.04406902949450997,-0.029189307695327675,-0.007427457332004148,0.3794276833592476,0.11449834711135715,0.45922146329482005,0.20992120780034038,0.5818742977529567,-0.0165980490476381
d5e5311c-8beb-4f8f-b798-3e9bfa6bcdd8,5c0c560e-9e1f-45e9-b66e-e4ee7855be84,ae_waveamp_48,0.6750218363043322,0.43769999965412654,0.540370132330807,0.7293472312869751,0.6774508914245803,0.08818391747653077,-0.16730967830843685,0.10861985510799074,0.05844524012816335,0.07009655369276777,0.9791661103665159,0.22349059880341912,0.48312841721166533,0.17775494270158732,0.6119780182001642,0.03160717761940316
d5e5311c-8beb-4f8f-b798-3e9bfa6bcdd8,5c0c560e-9e1f-45e9-b66e-e4ee7855be84,group_pca_pooled_48,0.6538672844388795,0.5529122743178301,0.5495652806694336,0.6956937293237898,0.6508472093466304,0.07982652468744403,-0.11263870729559727,0.02954117435804065,0.08824276951767743,0.07003231545373574,0.04905951342921385,0.593289866786671,0.9845343470194553,0.41937170176498634,0.6205771556193127,0.031000815344260114
d5e5311c-8beb-4f8f-b798-3e9bfa6bcdd8,5c0c560e-9e1f-45e9-b66e-e4ee7855be84,group_pca_weighted_48,0.5944353321019225,0.5379702102717053,0.4681074948554563,0.628264458717773,0.5838346580891255,0.010674028386332128,-0.11333955420691982,-0.0012019280960591516,-0.03254777625584855,-0.03203706747820667,0.9791190018968876,0.5007346559860381,0.7934962941766289,0.3608103630924199,0.5625224308071964,-0.03369045953014042
d5e5311c-8beb-4f8f-b798-3e9bfa6bcdd8,5c0c560e-9e1f-45e9-b66e-e4ee7855be84,group_wave+amp1_pooled,0.5941425178212929,0.5372760253316149,0.4672218052967894,0.6280177604008237,0.5840917836808245,0.008714806191908953,-0.1100049779904544,-0.0020404067125730715,-0.030248814437355928,-0.030396772990135996,0.9791309692771104,0.5011042143606385,0.7945514443089907,0.36045751556051886,0.5621499785062691,-0.03279523318772208
d5e5311c-8beb-4f8f-b798-3e9bfa6bcdd8,5c0c560e-9e1f-45e9-b66e-e4ee7855be84,waveform+gamma_48,0.620367803187966,0.4592495174501996,0.497033382626874,0.6908062760106785,0.6371373006503193,0.0910298337744618,-0.15901162434185798,0.1571911112673896,0.07183770282861275,0.08705357410343625,0.979201756564089,0.38815333633637045,0.5298207815209577,0.28907928848225417,0.5809188559852074,0.049620119526408484
d8ccc6bb-f0d9-494a-b682-f12c73e228c6,0cc486c3-8c7b-494d-aa04-b70e2690bcba,ae_anatomy_48,0.32357757553756183,0.1858544404820056,0.31856644611648355,0.5251377045655721,0.5098205719815491,0.07520395208422787,0.10781815815246093,0.04615046623791232,0.004279705006013523,0.018604077690973823,0.8727824220136471,0.22733201072047088,0.372164109883698,0.2920458203181724,0.3725913477366344,0.05041127183431769
d8ccc6bb-f0d9-494a-b682-f12c73e228c6,0cc486c3-8c7b-494d-aa04-b70e2690bcba,ae_depth_48,0.3565360473136016,0.2243693130031836,0.36448239430441504,0.560012364986661,0.5543513669242675,0.07416653322119332,0.10549885742952983,0.03449061283294513,0.017256286903818623,0.02303469171149558,0.8363142995358703,0.26188078267716075,0.5570489884527446,0.3100934532437275,0.41195029730642574,0.05088939641979649
d8ccc6bb-f0d9-494a-b682-f12c73e228c6,0cc486c3-8c7b-494d-aa04-b70e2690bcba,ae_filterbank_48,0.29580027751746285,0.14951965328153521,0.2823480601840565,0.3346133900640733,0.3281196236939993,0.012335698312869955,0.0834031703398606,-0.01907541667762752,0.014530680135495303,0.0259567556419645,0.8915733753566364,0.0430925079490229,0.2692873462777089,0.06437376511218822,0.27808020094822544,0.023430177550512566
d8ccc6bb-f0d9-494a-b682-f12c73e228c6,0cc486c3-8c7b-494d-aa04-b70e2690bcba,ae_global_48,0.43383246998277325,0.3141349992645772,0.44131278807328284,0.6924270779831768,0.6794673350533429,0.061797071008568,0.12202395272067515,0.14542419981489774,0.016903375924793528,0.034100095870613745,0.7620534053218473,0.36081978387890057,0.8869978726359689,0.4504791811000638,0.5122349340714306,0.07604973906790963
d8ccc6bb-f0d9-494a-b682-f12c73e228c6,0cc486c3-8c7b-494d-aa04-b70e2690bcba,ae_masked_48,0.3706681548298931,0.2607903473446196,0.3552439882422105,0.6048583734439887,0.5977400926227314,0.06102946265221333,0.15241848726336193,0.0774599089471133,0.009100632289902266,0.03601765411060088,0.645062140818858,0.2291057006062242,0.7280616071190259,0.42286879582542947,0.4378601912966887,0.06720522905263834
d8ccc6bb-f0d9-494a-b682-f12c73e228c6,0cc486c3-8c7b-494d-aa04-b70e2690bcba,ae_waveamp_48,0.2633514653760417,0.17025250737513284,0.23240047994654833,0.3714555512008043,0.3785333646754074,0.083694080078426,0.2359825590922625,0.09388865576706933,0.03707548224351745,0.04933055484314272,0.9645938708530907,0.18566955483648528,0.24632192287853552,0.1290667509840296,0.2831986737147869,0.0999942664048836
d8ccc6bb-f0d9-494a-b682-f12c73e228c6,0cc486c3-8c7b-494d-aa04-b70e2690bcba,group_pca_pooled_48,0.3997874682169038,0.2644991208224958,0.3667760097275414,0.6571499327377858,0.6662879081121382,0.018336832806153877,0.11909592763351373,0.15477912855060705,-0.06204536972281095,-0.045583004775839854,0.05493263041119307,0.5693125522559793,0.9798498376838087,0.5450349217526214,0.47090008792337307,0.03691670289832478
d8ccc6bb-f0d9-494a-b682-f12c73e228c6,0cc486c3-8c7b-494d-aa04-b70e2690bcba,group_pca_weighted_48,0.33205389308166955,0.2828203620189628,0.33982689566767194,0.5892233777974182,0.5972218426910862,0.053025209047811904,0.19179617911511912,0.04778939671271995,0.0069447749643401085,0.032116134551733955,0.9642218879415655,0.4950814142619927,0.7533028825244431,0.3952847224766601,0.4282292742513617,0.066334338878345
d8ccc6bb-f0d9-494a-b682-f12c73e228c6,0cc486c3-8c7b-494d-aa04-b70e2690bcba,group_wave+amp1_pooled,0.33133303833930305,0.2827968331766612,0.338634060927031,0.5892130820634358,0.5974427647805163,0.05293556639813172,0.19192454666541847,0.0484690030227174,0.006289752180655528,0.031678675420712954,0.9642310608544137,0.4948080488698536,0.7531923683965805,0.3951466391859059,0.4278839558573894,0.06625950873752721
d8ccc6bb-f0d9-494a-b682-f12c73e228c6,0cc486c3-8c7b-494d-aa04-b70e2690bcba,waveform+gamma_48,0.3586064740222408,0.12386510856655256,0.36884972881840633,0.5784769385144197,0.5640163006509391,-0.04039705430832255,-0.06001068316995222,-0.027039568445028375,-0.039512224790510024,-0.02265493003824285,0.9646236853431726,0.3336682185745291,0.3568055356820206,0.38614725062060107,0.3987629101145117,-0.03792289215041121
dab512bd-a02d-4c1f-8dbc-9155a163efc0,d23a44ef-1402-4ed7-97f5-47e9a7a504d9,ae_anatomy_48,0.7709113687293514,0.6524709808657633,0.6855568585676666,0.7433412412236041,0.7410770878602286,-0.23162793177562563,-0.09019066629782788,-0.03972562334379692,-0.026236045405593024,-0.039730989653819854,0.8718152966267491,0.246275048595947,0.7601522113051238,0.3327511524524882,0.7186715074493228,-0.08550225129533266
dab512bd-a02d-4c1f-8dbc-9155a163efc0,d23a44ef-1402-4ed7-97f5-47e9a7a504d9,ae_depth_48,0.7094927809640623,0.5982078576415427,0.6255865924519969,0.7329166144701055,0.7326257192960902,-0.11581443271971381,0.02835016816423417,0.020468853382318426,0.0322204608024048,0.020553382278173698,0.9637284194592313,0.25663409498745693,0.7214568879180521,0.31582185558544534,0.6797659129647595,-0.0028443136185165455
dab512bd-a02d-4c1f-8dbc-9155a163efc0,d23a44ef-1402-4ed7-97f5-47e9a7a504d9,ae_filterbank_48,0.7756893890601659,0.5493358523641922,0.6645965413011876,0.685996830243323,0.7033887916074818,-0.2107113886227276,-0.018206060520160425,0.005373247161329871,-0.02874376651631797,-0.023270916556216777,0.8690221469332768,0.16860729929511845,0.5377455694983377,0.20002069166675587,0.67580148091527,-0.05511177701081858
dab512bd-a02d-4c1f-8dbc-9155a163efc0,d23a44ef-1402-4ed7-97f5-47e9a7a504d9,ae_global_48,0.7867855201729554,0.6530715412906664,0.6762642700723941,0.7479051062421794,0.7436081013847784,-0.21352458504653443,0.0071764998142949815,-0.04152626384639127,-0.009084186232776452,-0.0299453331897557,0.7920234032880443,0.28339526923587743,0.8831050932732054,0.3559943314267634,0.7215269078325947,-0.05738077370023257
dab512bd-a02d-4c1f-8dbc-9155a163efc0,d23a44ef-1402-4ed7-97f5-47e9a7a504d9,ae_masked_48,0.7484425178269725,0.6487739242343732,0.6864153416969949,0.7252400338239029,0.7085730654640017,-0.21787027456082364,-0.07021560986522045,0.00021575636634252435,-0.015158592191708373,-0.03604642445812655,0.9550706468518342,0.2845722665164247,0.788023174753093,0.3441295932480687,0.703488976609249,-0.0678150289419073
dab512bd-a02d-4c1f-8dbc-9155a163efc0,d23a44ef-1402-4ed7-97f5-47e9a7a504d9,ae_waveamp_48,0.693360958796905,0.6079196845558115,0.6189125364034822,0.7398646668432016,0.7329102364091545,-0.19640185905465582,-0.009085199920367333,0.013451616954431702,0.050529703644709906,0.0388347437848588,0.993600461509645,0.2824086171887809,0.5208451148428949,0.1931737234209033,0.678593616601711,-0.02053419891820455
dab512bd-a02d-4c1f-8dbc-9155a163efc0,d23a44ef-1402-4ed7-97f5-47e9a7a504d9,group_pca_pooled_48,0.7567644263253929,0.6321716787683311,0.6524661722094482,0.6780023574669658,0.6577475228900386,-0.25056301363090655,0.01858344189725078,0.024809243810832847,-0.0020634818282645236,-0.03300958751705098,0.18122598744540974,0.5439303077381803,0.9874161005833059,0.4873473602269252,0.6754304315320352,-0.048448679453627685
dab512bd-a02d-4c1f-8dbc-9155a163efc0,d23a44ef-1402-4ed7-97f5-47e9a7a504d9,group_pca_weighted_48,0.7737317858286844,0.6160118444106628,0.6693655691459347,0.7586232008538335,0.7587630442248852,-0.28053791270051864,0.05547736019232859,-0.12919749753761323,0.009148949401939499,-0.021642496355803523,0.9935981751085943,0.4499749307646153,0.840868029072426,0.41058661382439543,0.7152990888928001,-0.07335031939993346
dab512bd-a02d-4c1f-8dbc-9155a163efc0,d23a44ef-1402-4ed7-97f5-47e9a7a504d9,group_wave+amp1_pooled,0.77339579509595,0.6414727456109739,0.670002140880962,0.7595983902735002,0.7596780359927618,-0.2812139919802944,0.05407645017796879,-0.12693856156002387,0.014610668770502426,-0.016235378131845953,0.9936054040791875,0.45023070117290115,0.8408393949938,0.41077014069695283,0.7208294215708296,-0.0711401625447386
dab512bd-a02d-4c1f-8dbc-9155a163efc0,d23a44ef-1402-4ed7-97f5-47e9a7a504d9,waveform+gamma_48,0.5278372340935851,0.310328427397082,0.5078369351850246,0.5639706994470468,0.5824475110862519,-0.03924924561850658,-0.04514528512989958,-0.043429839676621576,0.052806544894673596,0.057964591738862474,0.993669258949738,0.12767971461021108,0.16881419505929052,0.04143146797806417,0.4984841614417981,-0.003410646758298337
db2100c3-64ac-463e-97a1-20ce8266cd5f,0cc486c3-8c7b-494d-aa04-b70e2690bcba,ae_anatomy_48,0.4055331089189753,0.26158772510770645,0.31523124662599633,0.5562157701939403,0.5473938692660696,-0.03918842123659967,-0.04800759817506775,-0.06038502701602777,-0.03811560779080655,-0.0494314761077212,0.9168641325390474,0.24435878591390237,0.4787525850859168,0.24939636986946012,0.4171923440225376,-0.04702562606524459
db2100c3-64ac-463e-97a1-20ce8266cd5f,0cc486c3-8c7b-494d-aa04-b70e2690bcba,ae_depth_48,0.4273236586384165,0.26320762683612875,0.35476654174208827,0.6043204257636342,0.6044733901548771,-0.07692134894602655,-0.08722393675424285,-0.0647520881612667,-0.0306296529516231,-0.026618051742396252,0.8776448104735944,0.23609244349154992,0.584786392415337,0.2705275616889047,0.450818328627029,-0.05722901571111109
db2100c3-64ac-463e-97a1-20ce8266cd5f,0cc486c3-8c7b-494d-aa04-b70e2690bcba,ae_filterbank_48,0.3737857251269732,0.2787429487598067,0.28999153991515414,0.48357085175391634,0.4828481299712399,-0.002501911050215872,-0.18986476760888385,-0.028352274732480125,-0.08101091002107542,-0.08516021721495882,0.8945261083025673,0.15101066250049525,0.4315097417226961,0.23507413734389326,0.3817878391054181,-0.07737801612552282
db2100c3-64ac-463e-97a1-20ce8266cd5f,0cc486c3-8c7b-494d-aa04-b70e2690bcba,ae_global_48,0.42476040289519,0.2722551789793976,0.3842667768246881,0.6580146708179152,0.6566329833267561,-0.05763591770936625,-0.07912913256780729,-0.011985991576634476,-0.02805566747648148,-0.028570737518354178,0.7970623201448295,0.38176009441963926,0.9032652421466534,0.3732462238732118,0.4791860025687894,-0.04107548936972873
db2100c3-64ac-463e-97a1-20ce8266cd5f,0cc486c3-8c7b-494d-aa04-b70e2690bcba,ae_masked_48,0.39756348275872644,0.27954012429528136,0.3498095398710121,0.5919663878788151,0.5991446073784724,-0.09792532577949185,-0.1517881711670001,-0.11059891227395242,-0.13387074097949336,-0.14086754250501304,0.675700373617921,0.2627334989765955,0.8223173811595449,0.37351244279930096,0.4436048284364615,-0.12701013854099016
db2100c3-64ac-463e-97a1-20ce8266cd5f,0cc486c3-8c7b-494d-aa04-b70e2690bcba,ae_waveamp_48,0.3641647452737312,0.22162404662640472,0.29481436861623134,0.49631626551851177,0.5057749688347741,-0.0761888948832476,-0.06665760449123263,-0.0510716315003867,-0.07822109136453442,-0.09241394326094704,0.9711970440129131,0.16897989072173072,0.24332488001648084,0.09569047225473987,0.3765388789739306,-0.07291063310006968
db2100c3-64ac-463e-97a1-20ce8266cd5f,0cc486c3-8c7b-494d-aa04-b70e2690bcba,group_pca_pooled_48,0.41594934623120583,0.31305514995392836,0.36446389038222426,0.631697629964308,0.6487207936347246,-0.04212405294233115,-0.17428168124426296,-0.011709262278952703,-0.10091098233733026,-0.09762772676035777,0.1610737209162976,0.5348440298598885,0.9881134311704957,0.4717556028364495,0.4747773620332782,-0.08533074111264698
db2100c3-64ac-463e-97a1-20ce8266cd5f,0cc486c3-8c7b-494d-aa04-b70e2690bcba,group_pca_weighted_48,0.4450624495557662,0.332740971368917,0.2917575515214586,0.6367695907821612,0.640416565120733,-0.09054003375224695,-0.12225569613339968,-0.10474595491930033,-0.08615141703807623,-0.09928871566793497,0.9707399573885575,0.46971998711886465,0.8117287439848361,0.3683566512433699,0.4693494256698072,-0.10059636350219163
db2100c3-64ac-463e-97a1-20ce8266cd5f,0cc486c3-8c7b-494d-aa04-b70e2690bcba,group_wave+amp1_pooled,0.44397123158865726,0.3316933883190675,0.2923375065335446,0.6366730221916136,0.6402877421210561,-0.0951117574304417,-0.12194802435702312,-0.10340547908891352,-0.08463626656279377,-0.0970079037340892,0.9707569324085267,0.46946852664760047,0.8116572745663508,0.3693172176936776,0.46899257815078776,-0.10042188623465227
db2100c3-64ac-463e-97a1-20ce8266cd5f,0cc486c3-8c7b-494d-aa04-b70e2690bcba,waveform+gamma_48,0.42862564315102913,0.15333219620435268,0.34549707517234046,0.5972400296530745,0.5803409847206928,-0.07338044114456965,-0.05442020458265992,-0.06757014588874168,-0.06075561161173487,-0.04901882710381057,0.9714568353453799,0.32832827199312214,0.4884385064374512,0.3963316263821948,0.421007185780298,-0.06102904606630334
df350b09-a420-42bb-9952-17862cbb9f1c,dfbe628d-365b-461c-a07f-8b9911ba83aa,ae_anatomy_48,0.06552139844870762,0.09313249934025025,0.2334213696429969,0.329187740003473,0.4612981606678986,0.03414400479519755,-0.016559476492020254,-0.005649217622153577,-0.014554131204359822,0.013237843699190475,0.891826299437422,0.2846065133221066,0.598073968760365,0.3143565671377372,0.23651223362066526,0.002123804635170875
df350b09-a420-42bb-9952-17862cbb9f1c,dfbe628d-365b-461c-a07f-8b9911ba83aa,ae_depth_48,0.07726238333665225,0.09788365178125402,0.2603967244221068,0.3938855223279173,0.516267566344612,0.00578322182703535,0.03508223773081534,-0.0196953724519466,-0.026737440034678997,-0.009678802400452595,0.8850852904061044,0.16768598090897166,0.3168254014868854,0.22454588610639004,0.2691391696425085,-0.003049231065845501
df350b09-a420-42bb-9952-17862cbb9f1c,dfbe628d-365b-461c-a07f-8b9911ba83aa,ae_filterbank_48,0.1620777811679904,-0.004013762883719921,0.25356744484139493,0.5141177604863186,0.5813572467826087,0.05224873283896045,-0.039409690647091045,-0.02295479074425407,-0.07518452924758967,-0.057475932850670895,0.8180950238834185,0.1161667647525194,0.2791963025767086,0.17275736901101627,0.30142129407891854,-0.028555242130129048
df350b09-a420-42bb-9952-17862cbb9f1c,dfbe628d-365b-461c-a07f-8b9911ba83aa,ae_global_48,0.22866440373499658,0.23062447738827574,0.31951286106607824,0.5003041620143361,0.5961054230240359,-0.07381237838834377,0.03776747324246339,0.02496347806023102,0.01684439275763215,0.01969075965704735,0.72016754094018,0.417319327433893,0.882917545425671,0.3523517578774063,0.3750422654455445,0.005090745065806028
df350b09-a420-42bb-9952-17862cbb9f1c,dfbe628d-365b-461c-a07f-8b9911ba83aa,ae_masked_48,0.11265269497529193,0.1620200524069781,0.26262800615187104,0.4017879738807397,0.5050110883811003,0.01856670887483125,0.027989045580520452,0.0035882329570671757,-0.051498158174557454,-0.02788667670927193,0.24971196766269163,0.07556945292577738,0.3720655906860525,0.2044213202769157,0.2888199631591962,-0.005848169494282101
df350b09-a420-42bb-9952-17862cbb9f1c,dfbe628d-365b-461c-a07f-8b9911ba83aa,ae_waveamp_48,-0.010506840758545404,0.10242467077681505,0.21706253682560395,0.3453746167726768,0.4159184241388989,-0.07244949584267414,0.11267183438262279,0.03940871267892275,0.009992379420878224,0.0623621407636262,0.9607782510270106,0.21630873374413795,0.2550559619118842,0.11702123640003201,0.21405468155108984,0.030397114280675163
df350b09-a420-42bb-9952-17862cbb9f1c,dfbe628d-365b-461c-a07f-8b9911ba83aa,group_pca_pooled_48,0.2002218171335918,-0.06991240179995767,0.208557531976285,0.3021109576816413,0.4061291300614807,-0.12818860538365984,0.09357235482602415,0.04608196315941885,-0.004506429991295802,0.043285809959371147,0.019527842775860525,0.7207081433743542,0.9848345047823518,0.4325010345746035,0.20942140701060824,0.010049018513971702
df350b09-a420-42bb-9952-17862cbb9f1c,dfbe628d-365b-461c-a07f-8b9911ba83aa,group_pca_weighted_48,0.16039914430095997,0.04127691996110612,0.24353569969666483,0.4547654933806,0.5217655889753502,-0.03633232116073928,0.034035588232451196,-0.05671736637043555,-0.03607526320811388,-0.034495861460535945,0.9603603966768175,0.6409932081160274,0.6883665232236387,0.29506271490489144,0.2843485692629362,-0.025917044793474685
df350b09-a420-42bb-9952-17862cbb9f1c,dfbe628d-365b-461c-a07f-8b9911ba83aa,group_wave+amp1_pooled,0.1589305265864549,0.03726288072216472,0.24414846761770445,0.427587332793276,0.5222494008205223,-0.03816004020009987,0.03322813509025728,-0.05407839650162572,-0.03127032445131597,-0.029446899245338547,0.9603673774332866,0.6410327902125472,0.6885815304169426,0.29443087348400665,0.2780357217080245,-0.023945505061624565
df350b09-a420-42bb-9952-17862cbb9f1c,dfbe628d-365b-461c-a07f-8b9911ba83aa,waveform+gamma_48,0.07722462425528295,-0.03670381835535845,0.2825616178184544,0.4623782977829569,0.5485544420760357,-0.016078911931650945,0.09159238612565225,0.005323055890108274,0.09056244010246696,0.0873641100396292,0.9604926195649917,0.31039202009018185,0.38616532916162394,0.28720549066437295,0.26680303271547434,0.05175261604524115
e4632651-5ba7-48a7-86db-5298b45a5bac,5bcafa14-71cb-42fa-8265-ce5cda1b89e0,ae_anatomy_48,0.2460225461465766,-0.11938774973224893,0.31899037237076533,0.597033104294374,0.5544709368601841,-0.01936970925768785,-0.02087920994244795,-0.008770509886726424,-0.02144035343304225,-0.02322184728351235,0.8467156844001612,0.039817907462109274,0.3606670870376605,0.17549067434058846,0.3194258419879302,-0.018736325960683364
e4632651-5ba7-48a7-86db-5298b45a5bac,5bcafa14-71cb-42fa-8265-ce5cda1b89e0,ae_depth_48,0.27371695613884073,-0.13817737212339926,0.34501804769300715,0.5826442220095522,0.5109239847266881,0.007392369866161425,-0.023416678023710724,0.007171569685036107,-0.04568692970139744,-0.046209952980467046,0.8196941613832022,0.07361915473356928,0.4763963081717968,0.22507879024026875,0.31482516768893776,-0.020149924230875537
e4632651-5ba7-48a7-86db-5298b45a5bac,5bcafa14-71cb-42fa-8265-ce5cda1b89e0,ae_filterbank_48,0.30413298675405864,0.13663072686567457,0.3713706960283349,0.5760576895444296,0.4788290391710279,-0.011449273830719149,0.054855881930624656,0.019443583166524954,-0.016738247428766576,0.019770923734436053,0.859779500522963,0.00875814838695825,0.25467713333573994,0.09674002696250916,0.3734042276727051,0.013176573514419986
e4632651-5ba7-48a7-86db-5298b45a5bac,5bcafa14-71cb-42fa-8265-ce5cda1b89e0,ae_global_48,0.2820036312976634,-0.05859499685854403,0.35302045608596955,0.6378115656731944,0.5925527103444554,0.0192220438814737,-0.046866806554641746,-0.04795935131429957,-0.09645028354951378,-0.06972296428976497,0.7689948763408004,0.19810068347713072,0.8854253337493647,0.35068541275685516,0.36135867330854776,-0.048355472365349275
e4632651-5ba7-48a7-86db-5298b45a5bac,5bcafa14-71cb-42fa-8265-ce5cda1b89e0,ae_masked_48,0.26782429447220407,-0.12321679332014782,0.3020744495341906,0.6387653074565744,0.5719732661155599,0.035177630239752705,0.059198691556102,-0.0331783757294057,-0.07448598171859007,-0.09688590891540735,0.7109755783460439,0.0854364598961133,0.7331314652427245,0.3206370522340619,0.33148410485167623,-0.022034788913509684
e4632651-5ba7-48a7-86db-5298b45a5bac,5bcafa14-71cb-42fa-8265-ce5cda1b89e0,ae_waveamp_48,0.18254917786264857,0.005489777400122398,0.3368842809676947,0.4904450711660071,0.41540037804764596,-0.008436641684151827,0.0911102361825934,0.009968023334244479,-0.04610864054602988,-0.0346276093989954,0.9061077982793105,0.07315595011255385,0.20413463776016566,0.06684660780872614,0.28615373708882375,0.0023810735775321515
e4632651-5ba7-48a7-86db-5298b45a5bac,5bcafa14-71cb-42fa-8265-ce5cda1b89e0,group_pca_pooled_48,0.25986269471142825,-0.08873289549441862,0.26533728490512065,0.5132635319505268,0.48189917839624213,0.10079317208524255,0.05190086527652097,-0.05587778603557552,-0.14796899257313387,-0.07761922923878369,0.04996799028824407,0.33769291659783746,0.9739083437629805,0.4112908277923658,0.2863259588937798,-0.025754394097145916
e4632651-5ba7-48a7-86db-5298b45a5bac,5bcafa14-71cb-42fa-8265-ce5cda1b89e0,group_pca_weighted_48,0.23478242617387063,-0.041732509635481,0.33716221475714736,0.5647502363294965,0.4944178380825477,0.06460283756660581,0.035843162348307145,-0.012289224517602247,-0.09145970361228206,-0.061126176539687556,0.9038160207758841,0.2694612653645179,0.7271626826749911,0.3142860370766025,0.31787604114151624,-0.01288582095093178
e4632651-5ba7-48a7-86db-5298b45a5bac,5bcafa14-71cb-42fa-8265-ce5cda1b89e0,group_wave+amp1_pooled,0.23250282238611958,-0.03604346516867835,0.33661539454065614,0.5627943397077593,0.4944488642680634,0.06589664125240498,0.0333311489758024,-0.012018380549896394,-0.10038379745683072,-0.0638480170739498,0.9039111464674421,0.26961437823658907,0.7268079770158263,0.31427704301180076,0.318063591146784,-0.015404480970493909
e4632651-5ba7-48a7-86db-5298b45a5bac,5bcafa14-71cb-42fa-8265-ce5cda1b89e0,waveform+gamma_48,0.29965938340740983,-0.3273580993260323,0.3752869828692825,0.6107769587513142,0.5242492511464559,-0.01857921997096408,0.004126650326390258,-0.0068280486111605004,-0.014781708506229473,-0.04826721801453655,0.9054787390212728,0.21627974915652337,0.4781479950849393,0.3600930234037931,0.296522895369686,-0.016865908955300067
ec1e2af7-c107-4a18-ab05-cefb9174d516,1dbba733-24a4-4400-9436-53f1bd8428e8,ae_anatomy_48,0.6195553436277278,0.46830859024000365,0.6190873203207353,0.6630215802350707,0.8077822213147753,-0.00010194398528647584,-0.08039890510934615,-0.033165175043786174,-0.07818528333515883,-0.05507644663233693,0.7938456639931678,0.1403608029115658,0.45731664430994445,0.1928755695357748,0.6355510111476625,-0.049385550821182914
ec1e2af7-c107-4a18-ab05-cefb9174d516,1dbba733-24a4-4400-9436-53f1bd8428e8,ae_depth_48,0.5784394295616231,0.45496244013270515,0.6017949581915372,0.6407155126802032,0.7966026349171194,0.019209055430598275,-0.03742512413056277,-0.03334950802054128,-0.08305108906360213,-0.0949226794701987,0.7699150319983807,0.13139582290347132,0.5011111689718607,0.22017846240660915,0.6145029950966376,-0.04590786905086132
ec1e2af7-c107-4a18-ab05-cefb9174d516,1dbba733-24a4-4400-9436-53f1bd8428e8,ae_filterbank_48,0.6184998446722458,0.4705585224239018,0.6325387824773987,0.6367107117256855,0.7219455226849789,-0.16314734074335213,-0.10419648862584,-0.10386798047361383,-0.13799036817384017,-0.10593654658555672,0.8122059364109049,0.07396026153056585,0.39978399620219013,0.1225461954682395,0.6160506767968421,-0.12302774492044058
ec1e2af7-c107-4a18-ab05-cefb9174d516,1dbba733-24a4-4400-9436-53f1bd8428e8,ae_global_48,0.6483705376026161,0.5190513571427523,0.6207810023234368,0.6318734831394945,0.8261035783416788,0.019042099226479904,-0.1362016823106427,0.031178990293165676,-0.02332978953966023,-0.004271741035986605,0.6445675875493639,0.20611103292819524,0.9089358672494342,0.33827467142277295,0.6492359917099957,-0.022716424673328788
ec1e2af7-c107-4a18-ab05-cefb9174d516,1dbba733-24a4-4400-9436-53f1bd8428e8,ae_masked_48,0.605376619515425,0.48497471124392566,0.6041502478292569,0.646840790991515,0.7532779703189716,-0.0075313969844753486,-0.1044195687761657,-0.0486188022790973,-0.0917388537920409,-0.08348760289015934,0.7732556710252654,0.11409056722561162,0.5524390693345768,0.22051806012277997,0.6189240679798188,-0.06715924494438771
ec1e2af7-c107-4a18-ab05-cefb9174d516,1dbba733-24a4-4400-9436-53f1bd8428e8,ae_waveamp_48,0.653904868239666,0.49829223640060527,0.6198538073205324,0.6312256945069882,0.7685185005258719,-0.03830287775322608,-0.043838026672861186,-0.03366473674522912,-0.03612077810633438,-0.013861862515756322,0.8525250350099656,0.15171934775894386,0.32639949379932076,0.1217513501720978,0.6343590213987328,-0.03315765635868142
ec1e2af7-c107-4a18-ab05-cefb9174d516,1dbba733-24a4-4400-9436-53f1bd8428e8,group_pca_pooled_48,0.6327059456299349,0.5456121373567668,0.6137921328364936,0.5900993930722924,0.7925373532244571,-0.026961876076357826,-0.0920543874899491,-0.022187906190163302,-0.06854705768298928,0.002652359457346723,0.07747430976106018,0.352077584250906,0.976277276096407,0.40082910580834774,0.634949392423989,-0.04141977359642256
ec1e2af7-c107-4a18-ab05-cefb9174d516,1dbba733-24a4-4400-9436-53f1bd8428e8,group_pca_weighted_48,0.6520459112572248,0.5647134149292499,0.654249660549048,0.6416256526473135,0.797555653232224,0.007624505614263498,-0.025783608139629297,-0.0234242611358247,-0.037428078609610574,0.046657794498552535,0.851866052972954,0.27214793505060686,0.7098449543997516,0.28642027821956123,0.662038058523012,-0.006470729554449708
ec1e2af7-c107-4a18-ab05-cefb9174d516,1dbba733-24a4-4400-9436-53f1bd8428e8,group_wave+amp1_pooled,0.6528320780946635,0.5674810057912392,0.6538835490269147,0.6413812997457273,0.7971452483871776,0.004481370122367854,-0.024491113619371903,-0.028196433576170125,-0.043991174656176996,0.04268454129764442,0.8518771816829656,0.2722409474322229,0.7095831480516714,0.2866307457324312,0.6625446362091444,-0.009902562086341351
ec1e2af7-c107-4a18-ab05-cefb9174d516,1dbba733-24a4-4400-9436-53f1bd8428e8,waveform+gamma_48,0.6134218235338953,0.4072579458517017,0.6113440295377948,0.6300711865618314,0.6784230854268114,-0.15265110995074008,0.012862949366008427,-0.11287546400434302,-0.13720327828278156,-0.1251198995471634,0.8511528018057426,0.2070427456903663,0.45918887067398895,0.3224132643143892,0.5881036141824069,-0.10299736048380392
ee320f72-b613-4acd-b10d-3ceef332a949,1928bf72-2002-46a6-8930-728420402e01,ae_anatomy_48,0.38327511006023635,0.22821665669720337,0.488419761578142,0.56075138668717,0.58581458467609,0.031184202171774377,0.2226769507497695,0.06277374596642862,0.09431049029402958,0.09391192895383585,0.7913769294084279,0.19486501851355162,0.6746897213951643,0.35546397036556243,0.44929549993976836,0.10097146362716758
ee320f72-b613-4acd-b10d-3ceef332a949,1928bf72-2002-46a6-8930-728420402e01,ae_depth_48,0.39136885663565296,0.5123570782820942,0.5307107558877737,0.5870070765046093,0.5928056125012282,-0.008321738808471849,0.2604781906103113,0.01994570188872692,0.06903262633473045,0.10490502200325577,0.9145325775847182,0.17905098457682228,0.5642437257443556,0.3206107139618627,0.5228498759622717,0.08920796040571051
ee320f72-b613-4acd-b10d-3ceef332a949,1928bf72-2002-46a6-8930-728420402e01,ae_filterbank_48,0.3313700887733113,0.3321085968203344,0.44934601213108716,0.49474753344262673,0.5104444039983456,0.009609046448848975,0.1124929495130112,0.0035166665684902773,-0.0561329513695537,-0.08762931566476455,0.8327022606263409,0.056587520642308625,0.2948563368032617,0.07001898678028427,0.4236033270331411,-0.003628720900793561
ee320f72-b613-4acd-b10d-3ceef332a949,1928bf72-2002-46a6-8930-728420402e01,ae_global_48,0.44500205439128343,0.5357395169514405,0.5565497359816807,0.6532043953142143,0.6610593618355898,0.017720152953068852,0.25827786623771065,0.047563513380077346,0.05296584537906859,0.06480330582665922,0.685464246573396,0.17224072494001974,0.8353789655413981,0.25458599768281115,0.5703110128948417,0.08826613675531693
ee320f72-b613-4acd-b10d-3ceef332a949,1928bf72-2002-46a6-8930-728420402e01,ae_masked_48,0.38282366601880236,0.399904111629735,0.4766451094715076,0.602281756138867,0.6187238597396794,-0.04895407932653677,0.3060160939966178,0.06757890741198264,0.004440302794351571,0.027196215408585977,0.9044485996444535,0.20753414903227957,0.7128784520337379,0.38534730528478967,0.49607570059971823,0.07125548805700024
ee320f72-b613-4acd-b10d-3ceef332a949,1928bf72-2002-46a6-8930-728420402e01,ae_waveamp_48,0.35974532383572205,0.2864561372040677,0.4423595604014412,0.5957957397995051,0.6204390076142203,0.03171072095256763,0.33216974469403926,0.06260647436724262,0.0353919902525709,0.022569464563930372,0.9604355134437321,0.15426457076280023,0.2801119704706679,0.11454983796230626,0.4609591537709912,0.09688967896607015
ee320f72-b613-4acd-b10d-3ceef332a949,1928bf72-2002-46a6-8930-728420402e01,group_pca_pooled_48,0.3882094934434171,0.5746118381378476,0.56526318361019,0.6790291823597616,0.7024996131972915,-0.07640999076698342,0.23892914721800107,-0.06741750381484615,-0.09171830737282333,-0.10488737265237881,0.0615790167635368,0.38776817838637245,0.9569657168352794,0.398840786448941,0.5819226621497016,-0.020300805477806126
ee320f72-b613-4acd-b10d-3ceef332a949,1928bf72-2002-46a6-8930-728420402e01,group_pca_weighted_48,0.4542371202750303,0.5863396083095811,0.573186388143394,0.6557884136343223,0.6658491188213316,-0.09685328867690966,0.243169741876572,-0.031542158077113816,-0.11011565325230983,-0.12169982577086644,0.9613374115986615,0.3263907118354026,0.6789678328202543,0.3162007774798714,0.5870801298367319,-0.023408236780125546
ee320f72-b613-4acd-b10d-3ceef332a949,1928bf72-2002-46a6-8930-728420402e01,group_wave+amp1_pooled,0.45597149581832097,0.5881172151935878,0.5724945242915904,0.6554788401785865,0.6656739228857202,-0.09674096677496817,0.24070285822222143,-0.030590566879825448,-0.1092154499945185,-0.11980179554727208,0.9613980641139881,0.32642585036062177,0.6786223913537576,0.31579593492143443,0.5875471996735612,-0.023129184194872556
ee320f72-b613-4acd-b10d-3ceef332a949,1928bf72-2002-46a6-8930-728420402e01,waveform+gamma_48,0.4035322676322967,0.446620973463314,0.6022534615302971,0.5843679816863422,0.6128947934015513,-0.06274798833016222,0.2374239451083761,0.08242052170084417,-0.04799799238480021,-0.021762498867645003,0.9613382341318677,0.2435192161511839,0.485019864608666,0.29039894710032976,0.5299338955427604,0.03746719744532258
f0c390da-d8e3-4b5f-8df7-bd2f153ed01b,f56194bc-8215-4ae8-bc6a-89781ad8e050,ae_anatomy_48,0.7257969935100096,0.3861092265314681,0.6258318760072472,0.7931698499984252,0.7333136949674615,-0.13861151542579506,0.1760517010395544,-0.19172962651246656,-0.22387360226310038,-0.19383286180135775,0.880989315572719,0.13987940487869052,0.5453452126934278,0.16054084785972916,0.6528443282029223,-0.11439918099263306
f0c390da-d8e3-4b5f-8df7-bd2f153ed01b,f56194bc-8215-4ae8-bc6a-89781ad8e050,ae_depth_48,0.7163142847622022,0.36520335502693413,0.628447878036305,0.7770250141998015,0.7155399910643648,-0.11088070181361095,0.08603743041319503,-0.1376805878719704,-0.16944043774598716,-0.13998575165478425,0.8493500244779815,0.15689007364494711,0.5639267039256685,0.16259708581695428,0.6405061046179215,-0.09439000973463155
f0c390da-d8e3-4b5f-8df7-bd2f153ed01b,f56194bc-8215-4ae8-bc6a-89781ad8e050,ae_filterbank_48,0.6858446710064716,0.21250391924116335,0.5928479160482526,0.7805268974830744,0.7258239368725778,-0.03227912993609487,0.15862755449945806,-0.12331184075581897,-0.12761192494289986,-0.1747837170905672,0.900915378917774,0.09849421781232395,0.5942475040654719,0.11974459551876235,0.5995094681303079,-0.059871811645184556
f0c390da-d8e3-4b5f-8df7-bd2f153ed01b,f56194bc-8215-4ae8-bc6a-89781ad8e050,ae_global_48,0.7997627160562847,0.445480167225179,0.7044911730840586,0.8537915330498871,0.810573410129358,-0.2832240070083497,0.25398652510306907,-0.23515600008551665,-0.2661238163174723,-0.3202714922166093,0.6867328483962312,0.24067096922158526,0.9187472909333375,0.2634830194486278,0.7228197999089534,-0.17015775810497574
f0c390da-d8e3-4b5f-8df7-bd2f153ed01b,f56194bc-8215-4ae8-bc6a-89781ad8e050,ae_masked_48,0.7467191464737731,0.3632500704458884,0.6519501570064494,0.7995887783886353,0.7572993488418394,-0.12832639211246885,0.18424013197823697,-0.18057190111542515,-0.17189511868290436,-0.1807875764964095,0.8607905237362535,0.12620756670084915,0.6817272690504529,0.1457215491235341,0.6637615002313172,-0.09546817128579418
f0c390da-d8e3-4b5f-8df7-bd2f153ed01b,f56194bc-8215-4ae8-bc6a-89781ad8e050,ae_waveamp_48,0.7344872810657944,0.393097816250764,0.6635490552618957,0.8001211679551337,0.7680308537002434,-0.11556346784292068,0.24114680904219812,-0.1733996846192524,-0.19694215687024158,-0.2235842584904345,0.9518461845455461,0.17914675620936965,0.46193192798848237,0.08146912928678753,0.6718572348467662,-0.0936685517561302
f0c390da-d8e3-4b5f-8df7-bd2f153ed01b,f56194bc-8215-4ae8-bc6a-89781ad8e050,group_pca_pooled_48,0.7979818490108886,0.3938157394473387,0.7251291025605686,0.8341402620800586,0.7925059589098893,-0.17411518892354327,0.21201299379005162,-0.13928623810150761,-0.18978410209469182,-0.25334350331128,0.030912688549062626,0.4238048929330355,0.97178446212451,0.3141847752880053,0.7087145824017489,-0.10890320772819422
f0c390da-d8e3-4b5f-8df7-bd2f153ed01b,f56194bc-8215-4ae8-bc6a-89781ad8e050,group_pca_weighted_48,0.7909365098812465,0.42181037831843915,0.6866799319436372,0.8324856914568992,0.7867382590073072,-0.08691067824248666,0.2429417928226506,-0.14381297158065287,-0.18008778787521806,-0.23767352393025126,0.9511404577514192,0.3203371156690144,0.7842438699325426,0.19479452631434852,0.7037301541215059,-0.08110863376119165
f0c390da-d8e3-4b5f-8df7-bd2f153ed01b,f56194bc-8215-4ae8-bc6a-89781ad8e050,group_wave+amp1_pooled,0.7908625181428788,0.42000142566684473,0.6862326609562786,0.8324326410533248,0.7863828228433769,-0.07714085063789303,0.24363489011482475,-0.14330488669438324,-0.17863613907300696,-0.23652856887963708,0.9511668949038194,0.3203211553116341,0.7843630952068953,0.1938792075677129,0.7031824137325409,-0.07839511103401911
f0c390da-d8e3-4b5f-8df7-bd2f153ed01b,f56194bc-8215-4ae8-bc6a-89781ad8e050,waveform+gamma_48,0.6490243005729557,0.2542799957777821,0.6122416771020527,0.8008479205615143,0.7403984185096479,-0.0970580611455696,0.13389337422150804,-0.13593770773030678,-0.13347401092346486,-0.16337406098371454,0.9512849410076586,0.23719408179065965,0.5934134354020114,0.2605913039483396,0.6113584625047906,-0.07919009331230956
f639f4f3-ac14-4114-b712-f445463597e4,1b715600-0cbc-442c-bd00-5b0ac2865de1,ae_anatomy_48,0.3103011335322029,0.40925391806752304,0.3850863279049787,0.6675255657323733,0.6867329340620018,0.0010598634414189546,-0.030024202580288248,-0.0377576324202436,-0.07548768613819787,-0.09266963003442116,0.757306174236479,0.27093805593164244,0.5984898398944102,0.2254402419425606,0.491779975859816,-0.04697585754634638
f639f4f3-ac14-4114-b712-f445463597e4,1b715600-0cbc-442c-bd00-5b0ac2865de1,ae_depth_48,0.3010749693987591,0.4474483903116952,0.3859939618716947,0.6395479981926193,0.6570938863795001,0.0508467102565546,-0.001294019490929152,-0.012263337640103449,-0.06849398724503195,-0.0869441563336877,0.6107841291950381,0.2161436983580243,0.5368655433481357,0.15340252695912146,0.48623184123085367,-0.02362975809063953
f639f4f3-ac14-4114-b712-f445463597e4,1b715600-0cbc-442c-bd00-5b0ac2865de1,ae_filterbank_48,0.265322977436714,0.34504006451098446,0.31922418776417383,0.6034685627677134,0.6465318788897074,0.05778560564647847,0.005953449970248249,0.004506681080788975,0.032029152530040725,0.03821091408290207,0.7896037311204391,0.013918660157331524,0.33991270175823274,0.05607228492618385,0.43591753427385865,0.027697160662091696
f639f4f3-ac14-4114-b712-f445463597e4,1b715600-0cbc-442c-bd00-5b0ac2865de1,ae_global_48,0.35186637946981747,0.4017927492617799,0.4238728916175476,0.7180256014857458,0.7394293914842814,-0.013201645052076397,-0.019778535482453216,-0.009036178001367752,-0.1111576418685966,-0.13505886739301068,0.35581235609030154,0.2379161609506023,0.8823857311574681,0.35168298375098417,0.5269974026638344,-0.05764657355950094
f639f4f3-ac14-4114-b712-f445463597e4,1b715600-0cbc-442c-bd00-5b0ac2865de1,ae_masked_48,0.3119380749946354,0.3936214367831155,0.3905379997139855,0.6435940948858505,0.6709215913893302,-0.0109797333288119,-0.03426696280244145,-0.005050768576655505,-0.07868115863232905,-0.10018006720821765,0.7977000390742319,0.21069223645716423,0.6132531496614541,0.19247277093209955,0.4821226395533834,-0.045831738109691114
f639f4f3-ac14-4114-b712-f445463597e4,1b715600-0cbc-442c-bd00-5b0ac2865de1,ae_waveamp_48,0.31583662677927415,0.47076326369031746,0.41534848419483517,0.6357138072231486,0.6618427438893653,0.019967957018299325,-0.11648008636812518,0.11289010236173021,-0.11002538360999174,-0.10611955868391387,0.8976090420562537,0.20030664298254855,0.5431997811254091,0.12300043894187737,0.49990098515538817,-0.03995339385640025
f639f4f3-ac14-4114-b712-f445463597e4,1b715600-0cbc-442c-bd00-5b0ac2865de1,group_pca_pooled_48,0.3450461248117114,0.4794816472157078,0.41466650103864555,0.6866890355401676,0.7136745587233003,0.0026229456367176003,-0.06775867953317187,-0.000135695582435022,-0.09591236642177575,-0.1104714096969173,0.028847504133691727,0.5268722800951772,0.9787162252064704,0.4293940693078719,0.5279115734659066,-0.05433104111951648
f639f4f3-ac14-4114-b712-f445463597e4,1b715600-0cbc-442c-bd00-5b0ac2865de1,group_pca_weighted_48,0.3255264074021952,0.41021006218577744,0.4230672994250052,0.6859671007578999,0.7264128740371036,0.08313536015157215,-0.09399336443785404,0.007251955821176999,-0.10282778091375855,-0.10975034735527327,0.8973081767131328,0.46761491569768043,0.747273554615544,0.2543230989755658,0.5142367487615964,-0.04323683534682734
f639f4f3-ac14-4114-b712-f445463597e4,1b715600-0cbc-442c-bd00-5b0ac2865de1,group_wave+amp1_pooled,0.3272672786573889,0.41017627485446023,0.4219562306551309,0.6858190651143566,0.7260759064063083,0.08675762090262677,-0.09515500951181713,0.001717292554466801,-0.10191066319562163,-0.10976108119077152,0.8973107037220671,0.4673977710999319,0.7471980480209679,0.2541396580939066,0.514258951137529,-0.043670368088223346
f639f4f3-ac14-4114-b712-f445463597e4,1b715600-0cbc-442c-bd00-5b0ac2865de1,waveform+gamma_48,0.3666596677101495,0.2441666301597736,0.42958158876105856,0.5708770406244952,0.6338017218515879,0.019674557043845128,-0.0878864936196403,0.08592380793653395,-0.12378656772556676,-0.1471818534626763,0.8983879123888872,0.21252141043658243,0.5676408786227605,0.35067495403603577,0.44901732982141296,-0.050651309965500844
f86e9571-63ff-4116-9c40-aa44d57d2da9,4b7fbad4-f6de-43b4-9b15-c7c7ef44db4b,ae_anatomy_48,0.60913653272493,0.17597526703002123,0.6435328230527612,0.6633642972150449,0.6138614123952167,-0.06806289210638555,0.14894238261950726,0.057601255280851624,-0.07660566249180356,-0.0008314213380483235,0.9223083532496575,0.23708520049914256,0.8080758249859508,0.5141233211947677,0.5411740664835948,0.012208732392824292
f86e9571-63ff-4116-9c40-aa44d57d2da9,4b7fbad4-f6de-43b4-9b15-c7c7ef44db4b,ae_depth_48,0.5838154845868491,0.0419694016389331,0.6294822112407754,0.6243146816528593,0.600160114631472,-0.018889292533821288,0.08592743803311764,0.00471018456814112,-0.03026225535312525,-0.06114138402588343,0.9280540555579404,0.16624787464118815,0.5980019461417291,0.3706117656405354,0.49594837875017783,-0.003931061862314242
f86e9571-63ff-4116-9c40-aa44d57d2da9,4b7fbad4-f6de-43b4-9b15-c7c7ef44db4b,ae_filterbank_48,0.576268397055339,0.1110808324280605,0.6271200493245321,0.6332531507722207,0.6195964739991607,0.10878152594017154,0.0058810444169541745,0.10251939984048072,0.0890606204827899,0.16635383924151415,0.8404878418831572,0.18016758595248314,0.7299435838784911,0.4512994458314366,0.5134637807158626,0.0945192859843821
f86e9571-63ff-4116-9c40-aa44d57d2da9,4b7fbad4-f6de-43b4-9b15-c7c7ef44db4b,ae_global_48,0.6011008386878687,0.10415077525778435,0.6553050787197529,0.7205963386292658,0.6436568888663723,-0.09503047977755133,0.11830804217210487,0.06815979290942362,-0.09307761280319393,0.04196071837458173,0.7433571682470235,0.3595357259719607,0.9596059044343902,0.5647677894183477,0.5449619840322087,0.008064092175072991
f86e9571-63ff-4116-9c40-aa44d57d2da9,4b7fbad4-f6de-43b4-9b15-c7c7ef44db4b,ae_masked_48,0.6072708874914439,0.25759710401642333,0.648269115780903,0.6703406268593751,0.6102269950979983,-0.04523450194665987,0.21435068134652477,0.03696323862919337,-0.008533572250199146,-0.0003880582433053023,0.46170456490015255,0.15766085116330256,0.6869586355150401,0.4337777553389201,0.5587409458492287,0.03943155750711076
f86e9571-63ff-4116-9c40-aa44d57d2da9,4b7fbad4-f6de-43b4-9b15-c7c7ef44db4b,ae_waveamp_48,0.5788394032269903,0.20677235126896504,0.6170696752712553,0.6063430769871623,0.5806259882893957,0.009454434358231227,0.10997241505517173,0.01727649318224838,0.045316471529569025,0.078398223738149,0.983997037638263,0.31150358530975664,0.6717786941349597,0.33158901604254376,0.5179300990087536,0.05208360757267387
f86e9571-63ff-4116-9c40-aa44d57d2da9,4b7fbad4-f6de-43b4-9b15-c7c7ef44db4b,group_pca_pooled_48,0.6086678597414521,0.21873818856876825,0.6469963203436724,0.7352047060213501,0.6758798371943638,-0.03872638371134817,0.1941348490723322,0.0636300250633901,0.02268246147758975,0.08112807815200078,0.08602236199354167,0.5635412530967514,0.9957354775736249,0.6812493919375812,0.5770973823739214,0.06456980601079293
f86e9571-63ff-4116-9c40-aa44d57d2da9,4b7fbad4-f6de-43b4-9b15-c7c7ef44db4b,group_pca_weighted_48,0.6017780483816324,0.11088724210191725,0.672956786844952,0.6850895775064796,0.6026016804044924,0.023242918855956047,0.1086663559024257,0.07980749911903409,0.04550492049236675,0.11359068114838478,0.9840730619679449,0.49554562313708805,0.9269011237257709,0.6299937481543676,0.5346626670478947,0.07416247510363347
f86e9571-63ff-4116-9c40-aa44d57d2da9,4b7fbad4-f6de-43b4-9b15-c7c7ef44db4b,group_wave+amp1_pooled,0.60226081831574,0.11225489005594924,0.6720614547563354,0.684308849680265,0.6022735484802575,0.02379422413636602,0.10899315684093727,0.08176891920093105,0.0445201989058321,0.1158666642137665,0.9840850132362923,0.49582334030174624,0.9267068074218545,0.6305533664265376,0.5346319122577093,0.0749886326595666
f86e9571-63ff-4116-9c40-aa44d57d2da9,4b7fbad4-f6de-43b4-9b15-c7c7ef44db4b,waveform+gamma_48,0.3279388419168401,0.11071053325813317,0.43426981863201386,0.3748493160330875,0.36112432739280453,-0.023319884322175223,-0.0247716837827238,-0.0193837283094998,0.04162067560387377,0.03643595573011868,0.984009882010082,0.06265146218607742,0.08398014310269825,0.013157320840138577,0.3217785674465758,0.0021162669839187255
fd555d39-b728-44aa-90d2-796b8bb58300,4b7fbad4-f6de-43b4-9b15-c7c7ef44db4b,ae_anatomy_48,0.6035570487207262,0.13027128468028923,0.6204225788900835,0.7144732805778614,0.6727145439563669,-0.13724922158786107,0.03529275082817275,-0.04630386999626055,-0.07951024612800603,-0.09136462684124826,0.9229237852666907,0.11330366732721217,0.8271416070842293,0.47325436191265785,0.5482877473650655,-0.06382704274504063
fd555d39-b728-44aa-90d2-796b8bb58300,4b7fbad4-f6de-43b4-9b15-c7c7ef44db4b,ae_depth_48,0.5539362422310364,0.13283943101192827,0.5837526096198117,0.6481296462836199,0.6041941467900329,-0.07501788660321337,-0.08092128792087876,-0.05516224409827548,-0.047087845485053126,-0.12325653266167742,0.9248978241107015,0.03438845452834348,0.5628022855362473,0.28454643142889424,0.5045704151872858,-0.07628915935381962
fd555d39-b728-44aa-90d2-796b8bb58300,4b7fbad4-f6de-43b4-9b15-c7c7ef44db4b,ae_filterbank_48,0.5571940387377063,0.2150329838608751,0.6169687421111711,0.682974028929871,0.6429720935332235,-0.11198389978078471,-0.028348022410778818,-0.08149671592359262,-0.058264363031923096,-0.05895382994706538,0.8522322864074693,0.07847632895193973,0.6640388007359321,0.34585219287900704,0.5430283774345694,-0.06780936621882892
fd555d39-b728-44aa-90d2-796b8bb58300,4b7fbad4-f6de-43b4-9b15-c7c7ef44db4b,ae_global_48,0.6195250914589481,0.13634046210477838,0.6435619258259179,0.7515226074936492,0.6856375505251342,-0.12512998601487954,0.04207447047398175,0.05748405789962565,-0.11745606645860675,-0.029104609649063397,0.7501323691468577,0.24567127125736163,0.971308174897326,0.6304393342308143,0.5673175274816855,-0.03442642674978846
fd555d39-b728-44aa-90d2-796b8bb58300,4b7fbad4-f6de-43b4-9b15-c7c7ef44db4b,ae_masked_48,0.6091070943626357,0.13027578952070912,0.6276039302964669,0.7220148703408431,0.6648899576646292,-0.1214977876717213,0.026689865625903968,-0.047899841645217406,-0.05410937519330272,-0.0811427134146334,0.49272562472297476,0.0607132735806089,0.7342990608870413,0.40479629581004734,0.5507783284370568,-0.05559197045979417
fd555d39-b728-44aa-90d2-796b8bb58300,4b7fbad4-f6de-43b4-9b15-c7c7ef44db4b,ae_waveamp_48,0.6146151983632464,0.1740843956256907,0.6297668569562676,0.6930179225136502,0.6780810329601004,-0.11693551240491751,0.10318670896184698,0.010133250803595732,-0.06559293478798475,0.057826776937758326,0.9702640205564178,0.12492677883337389,0.5862873170282816,0.3338016449301166,0.557913081283791,-0.0022763420979402455
fd555d39-b728-44aa-90d2-796b8bb58300,4b7fbad4-f6de-43b4-9b15-c7c7ef44db4b,group_pca_pooled_48,0.6159513891717656,0.2192793707352266,0.6361306590289175,0.7520587236005964,0.6665600163863001,-0.13996049972580368,0.0348322195601485,0.031254898950119,-0.09858512329332288,-0.0031619723973477006,0.0025565036396229483,0.4229985323099353,0.9976893637637319,0.6656908100192453,0.5779960317845612,-0.03512409538124135
fd555d39-b728-44aa-90d2-796b8bb58300,4b7fbad4-f6de-43b4-9b15-c7c7ef44db4b,group_pca_weighted_48,0.620699423372032,0.19166448612405843,0.6514662047079702,0.7759832911766834,0.7405997701526411,-0.13354921669368414,0.0843897126462762,0.044339813552192596,-0.11944291722739667,0.03934280114836443,0.9711906034375563,0.37697385926186205,0.948144588477809,0.6083623356569979,0.596082635106677,-0.016983961314849513
fd555d39-b728-44aa-90d2-796b8bb58300,4b7fbad4-f6de-43b4-9b15-c7c7ef44db4b,group_wave+amp1_pooled,0.6207372408870453,0.19178188766296278,0.651509890685012,0.7761149393993552,0.7409516248767807,-0.13355026910244028,0.08413032254089237,0.044414820157628154,-0.11966694569252535,0.0393987036450274,0.9711955856299563,0.37691131081977425,0.948083730493606,0.6084970562801807,0.5962191167022312,-0.01705467369028354
fd555d39-b728-44aa-90d2-796b8bb58300,4b7fbad4-f6de-43b4-9b15-c7c7ef44db4b,waveform+gamma_48,0.5217840215203666,0.1985923103884039,0.49018767344921155,0.7378155026918818,0.6597883321515363,-0.02253693557282222,0.1384333947301384,-0.03572609634280762,0.14882589988155404,0.12607168727996498,0.9702273076696118,0.24292697999814022,0.5569897237947334,0.35970613282236524,0.5216335680402799,0.07101358999520552
ffb1b072-2de7-44a4-8115-5799b9866382,d3a2b25e-46d3-4f0b-ade6-4e32255f4c35,ae_anatomy_48,0.3775367128105569,0.22852212980468029,0.4601393261460631,0.6665525358103062,0.6790143494317584,-0.12219077952077775,-0.1574581839545193,-0.08354617760910553,0.008334099066172251,0.054330166026798674,0.5750056947378215,0.0916102683414442,0.7666525847377453,0.2009539376073268,0.48235301080067294,-0.06010617519828633
ffb1b072-2de7-44a4-8115-5799b9866382,d3a2b25e-46d3-4f0b-ade6-4e32255f4c35,ae_depth_48,0.34316900687968505,0.20978880518541054,0.4671545881067402,0.6604547744782842,0.6815468471571123,-0.1307133558109406,-0.21880261944102958,-0.06680599493867663,0.002191602815241474,0.05685798653701402,0.5467626257459532,0.08256950212381382,0.7746366850860149,0.22073888961843205,0.4724228043614465,-0.07145447616767826
ffb1b072-2de7-44a4-8115-5799b9866382,d3a2b25e-46d3-4f0b-ade6-4e32255f4c35,ae_filterbank_48,0.43396084271399327,0.15725580243990445,0.5097481819966205,0.6253197125225947,0.6260853757520771,-0.026946040839611822,-0.22660166279358265,-0.04186748074772183,0.05519145231180932,0.07836059145537493,0.5772487803793735,0.03655880311388158,0.43951112634729916,0.12941802671667624,0.47047398308503796,-0.032372628122746404
ffb1b072-2de7-44a4-8115-5799b9866382,d3a2b25e-46d3-4f0b-ade6-4e32255f4c35,ae_global_48,0.47316041640359574,0.3377828119954577,0.5136992820117835,0.686178583101611,0.6992874445817304,-0.13123226990863174,-0.20463166318664938,-0.0978825616055331,0.033915087792120296,0.10415845887850875,0.486613073589837,0.17321288852219804,0.9588412514027503,0.3944037752449236,0.5420217076188357,-0.059134589606037034
ffb1b072-2de7-44a4-8115-5799b9866382,d3a2b25e-46d3-4f0b-ade6-4e32255f4c35,ae_masked_48,0.43779476069433015,0.2677701612174443,0.5111813782201154,0.6617893300342536,0.6791823846345661,-0.1658698560630674,-0.17420712256679408,-0.10100426937812541,-0.029199237404955402,0.036977064049437826,0.5488091170865581,0.08439218933430351,0.7358307623982459,0.21347341252994098,0.5115436029601419,-0.08666068427270088
ffb1b072-2de7-44a4-8115-5799b9866382,d3a2b25e-46d3-4f0b-ade6-4e32255f4c35,ae_waveamp_48,0.4472441261531715,0.30240334911061273,0.5258198565767391,0.7000173471379597,0.6916735000003382,-0.0369558309931082,-0.2320606293535727,0.005534602328700226,0.019953373809754524,0.06684013709266813,0.6197985598665915,0.11497518725849548,0.45386322396734363,0.09086768025206753,0.5334316357957642,-0.0353376694231116
ffb1b072-2de7-44a4-8115-5799b9866382,d3a2b25e-46d3-4f0b-ade6-4e32255f4c35,group_pca_pooled_48,0.48941616149613887,0.24741363788567128,0.5335430622963502,0.6746112049794489,0.6744617742812098,-0.1384043572604953,-0.15315033171389175,-0.07811586815338988,0.01847370840388108,0.08190205265565732,0.02768045156476635,0.31170326786420477,0.9924967036241715,0.5087401405036396,0.5238891681877639,-0.053858959213647715
ffb1b072-2de7-44a4-8115-5799b9866382,d3a2b25e-46d3-4f0b-ade6-4e32255f4c35,group_pca_weighted_48,0.44891700189051514,0.2776252447597281,0.5476641521535148,0.6998269658809053,0.7057183837443153,-0.14540029087737155,-0.01687961557492185,-0.09508622923951732,-0.04537773220300837,0.009287150312818099,0.6213880104012757,0.18447986458586293,0.9190802290404492,0.36635938363160375,0.5359503496857958,-0.05869134351640019
ffb1b072-2de7-44a4-8115-5799b9866382,d3a2b25e-46d3-4f0b-ade6-4e32255f4c35,group_wave+amp1_pooled,0.44863739038430617,0.27702730771996886,0.5476703704427381,0.7004577556997897,0.706056038822849,-0.14509239179457337,-0.015811257952770698,-0.09484922691277645,-0.045173666092045095,0.009487678429517348,0.6216291749182928,0.18454007267086003,0.91905252721748,0.36635023086150353,0.5359697726139304,-0.058287772864529644
ffb1b072-2de7-44a4-8115-5799b9866382,d3a2b25e-46d3-4f0b-ade6-4e32255f4c35,waveform+gamma_48,0.0978719187131934,0.037034622040521825,0.2812677515967684,0.5792548094671212,0.5486906129924951,-0.09845129881197177,-0.037821594182559856,-0.13553761754568178,-0.09480550326778014,-0.06452242367028548,0.6204042139151209,0.14294862766362124,0.7378278959684113,0.2437348893438454,0.30882394296202,-0.08622768749565582
0228bcfd-632e-49bd-acd4-c334cf9213e9,d3a2b25e-46d3-4f0b-ade6-4e32255f4c35,bank_wave+rms+psd,0.5246350709138877,0.382192111988539,0.5944180697329382,0.6492720035414503,0.6580495423473383,-0.0706177336883141,-0.0903713184780908,-0.0152332607930469,0.1025259277874995,0.139506373724463,0.7736155386425141,0.8172106694042622,0.9999999998714884,0.99999984376027,0.5617133597048307,0.013161997710502138
0228bcfd-632e-49bd-acd4-c334cf9213e9,d3a2b25e-46d3-4f0b-ade6-4e32255f4c35,group_pca_2x24,0.5369770552565908,0.3433473097066691,0.5889015188715754,0.5932634207372953,0.6267374305318276,-0.0173661606328843,-0.17336150450801,0.0168009670946026,0.106491337255812,0.137330025138776,0.0541777202691818,0.4652200877143196,0.9602804901976424,0.4001258492863855,0.5378453470207916,0.013978932869659266
0228bcfd-632e-49bd-acd4-c334cf9213e9,d3a2b25e-46d3-4f0b-ade6-4e32255f4c35,group_wave+amp1,0.5199918766894319,0.3710764496127227,0.5570830411966244,0.6628784571435513,0.6410484566679666,0.0329553939604726,-0.0826795227330649,0.0506342527479214,0.1026956950318563,0.1416556054528622,0.845503901859537,0.3912163066227299,0.8464470469572529,0.24770348504387,0.5504156562620595,0.04905228489200952
0228bcfd-632e-49bd-acd4-c334cf9213e9,d3a2b25e-46d3-4f0b-ade6-4e32255f4c35,waveform_pca_16,0.1775645495700104,0.0628833594924201,0.3226990768539889,0.3923979889767583,0.3300957894317816,0.0063316946992274,-0.0153883311768888,0.0152986844383347,-0.0651903456616036,-0.0376824114969181,0.8609821306685513,0.0216712620320663,0.0859962306995805,-0.0226950769478753,0.25712815286499185,-0.019326141839569683
0228bcfd-632e-49bd-acd4-c334cf9213e9,d3a2b25e-46d3-4f0b-ade6-4e32255f4c35,waveform_pca_48,0.1766767740528024,0.0611269548327547,0.2870156563108114,0.4010525333847454,0.3079863344298454,0.0095773629350828,0.0093757303073801,-0.0469162912401115,-0.000534728429912,-0.0036140633995046,0.9535352193892548,0.0082845757582182,0.0740319758423471,-0.0298544707575175,0.2467716506021919,-0.006422397965413039
0b8ea3ec-e75b-41a1-9442-64f5fbc11a5a,a4a74102-2af5-45dc-9e41-ef7f5aed88be,bank_wave+rms+psd,0.5856971371136572,0.5783188524096778,0.6983925570186277,0.7611503589711507,0.8011234278806472,-0.150273467034386,0.040153997837227,-0.1493241674278576,-0.0333862425012339,-0.0731525563016684,0.9874482118060776,0.8247054088459372,0.9999999999059836,0.9999997965269072,0.6849364666787521,-0.07319648708558377
0b8ea3ec-e75b-41a1-9442-64f5fbc11a5a,a4a74102-2af5-45dc-9e41-ef7f5aed88be,group_pca_2x24,0.5355937375720464,0.545550573207093,0.6777118567465229,0.7375244083325363,0.7739947164393474,-0.181383764727764,-0.1304382831674264,-0.1562317086838043,-0.1349685600571634,-0.1444179013835391,0.1285628354670736,0.5398255225641837,0.9844727212889656,0.453889827877257,0.6540750584595092,-0.14948804360393947
0b8ea3ec-e75b-41a1-9442-64f5fbc11a5a,a4a74102-2af5-45dc-9e41-ef7f5aed88be,group_wave+amp1,0.561024761342575,0.5758560963562253,0.689448499363002,0.7382536155767782,0.7681074456303684,-0.1566491151239571,-0.1292317121349409,-0.066066334920782,-0.1733119017726248,-0.1558496529607957,0.9941699269446104,0.2790680290490955,0.5677310164023334,0.2625467351497721,0.6665380836537897,-0.13622174338262008
0b8ea3ec-e75b-41a1-9442-64f5fbc11a5a,a4a74102-2af5-45dc-9e41-ef7f5aed88be,waveform_pca_16,0.3971409937105101,0.1023641210587288,0.4414808131809521,0.4204319783793101,0.4190697723566488,-0.0046203814259166,0.0132502983567699,0.0526417653844439,-0.0155001493463675,0.0355920272150433,0.9933163651932966,0.0941362505672455,0.0732482457092742,0.0248597090375517,0.35609753573722996,0.0162727120367946
0b8ea3ec-e75b-41a1-9442-64f5fbc11a5a,a4a74102-2af5-45dc-9e41-ef7f5aed88be,waveform_pca_48,0.4182940817411589,0.1442074653610709,0.5190213432446673,0.5119978674599781,0.4878117522827073,-0.0814319490894765,0.0058647474825237,0.0611030297237025,0.0029596683395284,0.0466255843012653,0.996975099622829,0.0978967613930299,0.0631947221595162,0.0239608600254599,0.41626650201791654,0.00702421615150868
10f59add-706e-41d0-87ed-9a55eb138a66,7416f387-b302-4ca3-8daf-03b585a1b7ec,bank_wave+rms+psd,0.3347988803391326,0.1204449888553479,0.7151640570450469,0.870920260655208,0.8484793364993599,0.031559515450682,0.2627778540710447,-0.0797081745252124,0.047747849014592,0.0509624102309997,0.7307445960762008,0.7596982373176151,0.9999999997730824,0.999999909228043,0.5779615046788191,0.0626678908484212
10f59add-706e-41d0-87ed-9a55eb138a66,7416f387-b302-4ca3-8daf-03b585a1b7ec,group_pca_2x24,0.3275466670140651,0.0634975234437541,0.6691535043555021,0.8559788436430928,0.8239164565892114,0.0407361913375274,0.3060327353348689,-0.0992733246048426,0.0573965616091082,0.0565410553457415,0.1348282282046407,0.5162295724840482,0.9712221062366828,0.4872763759687313,0.5480185990091251,0.07228664380448069
10f59add-706e-41d0-87ed-9a55eb138a66,7416f387-b302-4ca3-8daf-03b585a1b7ec,group_wave+amp1,0.3169070413724405,0.1262148907872495,0.7351609248585071,0.8683426419325782,0.8550648467360505,0.0207492087344167,0.2774392174425508,-0.0961309327926063,0.0181872970341658,-0.0141738635845156,0.7989297009210429,0.4827310030251671,0.931668955535314,0.3362067733450576,0.5803380691373652,0.041214185366802276
10f59add-706e-41d0-87ed-9a55eb138a66,7416f387-b302-4ca3-8daf-03b585a1b7ec,waveform_pca_16,0.2369125295959824,0.2276582615313634,0.60229045102659,0.6614589917131362,0.6393451798949177,-0.0133600317380511,-0.0189206897503144,0.0268827111024064,0.0510095724079502,0.0117640241040294,0.8942718327915907,0.1841232972783095,0.4046975894482071,0.0262186980409541,0.4735330827523979,0.0114751172252041
10f59add-706e-41d0-87ed-9a55eb138a66,7416f387-b302-4ca3-8daf-03b585a1b7ec,waveform_pca_48,0.2473511855987462,0.2207457651778624,0.5744428780414234,0.6489427125372327,0.6222369030376766,0.016618660098965,0.0044417359469801,0.0437918706036463,0.1504785510814272,0.1131561031960489,0.9604735282589756,0.1822167891496984,0.4048759399076185,0.0181650220877325,0.4627438888785883,0.0656973841854135
18d316bf-d322-4c5c-814e-a58147f7bf5f,f56194bc-8215-4ae8-bc6a-89781ad8e050,bank_wave+rms+psd,0.7429015078797823,0.4513891313399275,0.6304190902984339,0.8226358657007801,0.7759984812074248,-0.0271941528371007,0.0206644814048265,-0.0543916188532123,-0.0306130994976553,-0.0141783229973629,0.9627376037105396,0.9300140366933728,0.9999999999044796,0.99999987295548,0.6846688152852696,-0.02114254255610094
18d316bf-d322-4c5c-814e-a58147f7bf5f,f56194bc-8215-4ae8-bc6a-89781ad8e050,group_pca_2x24,0.7587002386848678,0.3673387174851001,0.653130035018527,0.8147314391202416,0.7822906811858263,-0.0637433842278271,-0.0402187582601723,-0.1436858552437012,-0.1002066703397644,-0.0819880832824157,0.0147357667101321,0.5619558386181231,0.9689753715891528,0.4100188412730465,0.6752382222989126,-0.08596855027077613
18d316bf-d322-4c5c-814e-a58147f7bf5f,f56194bc-8215-4ae8-bc6a-89781ad8e050,group_wave+amp1,0.6217635761461526,0.4355681046447416,0.5934200841417596,0.7717463493606103,0.7281988851036474,0.0198555793761191,-0.0889733527900786,-0.0342815914195851,0.0348630899872555,0.0244255314976639,0.9828424618218946,0.5461921063868002,0.9581084780353806,0.3512253499800489,0.6301393998793824,-0.008822148669725041
18d316bf-d322-4c5c-814e-a58147f7bf5f,f56194bc-8215-4ae8-bc6a-89781ad8e050,waveform_pca_16,0.0382760228467558,0.0541749139248099,0.07406349238402,0.1409807485734346,0.1285372705500392,-0.0448581724235038,-0.0081979789051184,-0.0083951438097331,-0.0160219522582378,-0.007262698183037,0.9892401790783794,0.0126440566526494,0.0022787497523613,-0.0072290603847202,0.0872064896558119,-0.01694718911592602
18d316bf-d322-4c5c-814e-a58147f7bf5f,f56194bc-8215-4ae8-bc6a-89781ad8e050,waveform_pca_48,0.0617533163623663,0.0395659723029345,0.123098289980835,0.1634221148920327,0.1382120007194026,-0.0654508295579927,0.0222872063089311,-0.0237917304549117,0.0187545393864698,0.0056982072231744,0.9944200473777812,0.0102182234715892,-0.0058248986249384,-0.0110165041796932,0.1052103388515142,-0.008500521418865817
1a276285-8b0e-4cc9-9f0a-a3a002978724,69c9a415-f7fa-4208-887b-1417c1479b48,bank_wave+rms+psd,0.4826945970929086,0.3350860243975351,0.36348171448851,0.5773692568394843,0.6062805103887043,0.0770649085477441,-0.1009001375919872,0.1018945210644488,0.1591217424751236,0.1632913641817718,0.937993848439004,0.8829118481751332,0.9999999995363492,0.9999991371529418,0.47298242064142854,0.08009447973542021
1a276285-8b0e-4cc9-9f0a-a3a002978724,69c9a415-f7fa-4208-887b-1417c1479b48,group_pca_2x24,0.4300297786967583,0.3257004939990942,0.2421348119254709,0.4886445297012171,0.4969869074387463,-0.0336562252648408,-0.1024155473510754,0.0924204601103595,0.0413854610812397,0.0508462924598214,0.0018002884942485,0.7686898934136396,0.9851635296644276,0.478191489468989,0.39669930435225736,0.009716088207100881
1a276285-8b0e-4cc9-9f0a-a3a002978724,69c9a415-f7fa-4208-887b-1417c1479b48,group_wave+amp1,0.3572976156657599,0.3634471059245757,0.410174560651818,0.4755954339000593,0.5109124414130047,-0.0396480817919089,-0.0654021610855404,0.0374428784433813,0.0038357491312213,0.013143030235669,0.9672623070180466,0.7348400551344992,0.9057266931769412,0.3702771797984063,0.4234854315110435,-0.01012571701343554
1a276285-8b0e-4cc9-9f0a-a3a002978724,69c9a415-f7fa-4208-887b-1417c1479b48,waveform_pca_16,0.1374636734982586,0.0808884294727244,0.4333890947884871,0.3478421301556387,0.379050495194977,0.0044976846493851,-0.0466502933032625,-0.0132224816641443,0.0184970397545746,0.0244931969928345,0.9772185300956844,-0.1640815363260666,-0.1975649054319745,-0.0271149527803274,0.2757267646220171,-0.002476970714122521
1a276285-8b0e-4cc9-9f0a-a3a002978724,69c9a415-f7fa-4208-887b-1417c1479b48,waveform_pca_48,0.1434319654914896,0.0697022680233513,0.4344541371683897,0.3628311048879604,0.3906930369042933,0.0333834059415532,-0.0439521231406699,-0.0285087265555026,-0.000509792223745,0.0194126144732827,0.989860900268336,-0.5066773297456316,-0.4117598088874866,-0.0464010996290838,0.2802225024950969,-0.00403492430101632
22609d51-0a6a-425d-a3ef-eeb43a9ba350,1dbba733-24a4-4400-9436-53f1bd8428e8,bank_wave+rms+psd,0.5625003602835226,0.5280973657117898,0.4463419789235758,0.4686969698706123,0.5327820848221096,0.0699621918441831,0.0971942046908454,-0.0692527539764837,0.0985931350741581,0.0242003233619318,0.9484146113876264,0.8762434556533731,0.999999999908166,0.9999999250558684,0.5076837519223221,0.044139420198926936
22609d51-0a6a-425d-a3ef-eeb43a9ba350,1dbba733-24a4-4400-9436-53f1bd8428e8,group_pca_2x24,0.5409886830833057,0.5508075239429693,0.412865286144672,0.4552789258390984,0.5322369515181798,0.022822009336734,0.1555626745939804,-0.115436705554957,0.0878235513359329,0.1413291191737039,0.0100529910378945,0.6034413968002323,0.963139398101913,0.4731878200271201,0.49843547410564504,0.05842012977707885
22609d51-0a6a-425d-a3ef-eeb43a9ba350,1dbba733-24a4-4400-9436-53f1bd8428e8,group_wave+amp1,0.5441085089979445,0.5757986367539731,0.4268761091585931,0.4639361878301627,0.5586010132639474,-0.1413259631006346,0.1459049097459122,-0.1131017385377698,-0.1478023608023331,-0.0334097267066149,0.9799438528864638,0.4903538431453748,0.7848659307184365,0.3402879958195951,0.5138640912009242,-0.05794697588028804
22609d51-0a6a-425d-a3ef-eeb43a9ba350,1dbba733-24a4-4400-9436-53f1bd8428e8,waveform_pca_16,0.2116836455126953,0.1472019290835539,0.2082592580103315,0.288978200362467,0.2788575714451957,0.0406876721918351,0.0023379992581583,-0.0095902100155494,-0.0547606725642124,-0.0193815468693895,0.9857497657080716,0.0093377376868815,-0.0025537953044185,-0.0079614248586629,0.22699612088284868,-0.008141351599831582
22609d51-0a6a-425d-a3ef-eeb43a9ba350,1dbba733-24a4-4400-9436-53f1bd8428e8,waveform_pca_48,0.3157599315268186,0.1394080977544719,0.2964519255480174,0.369333581286105,0.4294401307444095,0.0659264060098082,0.0210573958826519,0.0112571231784105,-0.0513122602056107,-0.0649208551542094,0.9918665362164064,0.016924908378242,0.0134843171358145,-0.0082393664942357,0.31007873337196445,-0.0035984380577898977
3017e4dc-2150-43ad-9b08-b95b48ba8dfa,781b35fd-e1f0-4d14-b2bb-95b7263082bb,bank_wave+rms+psd,0.5402210886890262,0.6309130843013318,0.4898809139156312,0.7507448434066057,0.7062017648768125,-0.1140631801875817,0.1867356441317753,-0.0876987761141954,-0.0771184372328797,-0.0580697628830975,0.917344667984127,0.7387074543180905,0.9999999997536098,0.9999999542712232,0.6235923390378815,-0.030042902457195802
3017e4dc-2150-43ad-9b08-b95b48ba8dfa,781b35fd-e1f0-4d14-b2bb-95b7263082bb,group_pca_2x24,0.5316986145401191,0.5790251440228003,0.4934373710137341,0.7253012606226577,0.66777776586531,-0.1230939765067118,0.2323686148141754,-0.0833540255313698,-0.0698853439561853,-0.0594131156166036,0.0199186466678013,0.453738698045945,0.9480314020846392,0.418524704985188,0.5994480312129242,-0.020675569359339018
3017e4dc-2150-43ad-9b08-b95b48ba8dfa,781b35fd-e1f0-4d14-b2bb-95b7263082bb,group_wave+amp1,0.5821483204126766,0.5453797797162643,0.5092731756928444,0.7296410182199581,0.7053623062112588,-0.1083342755116528,0.1690929082752655,-0.0300574211467024,-0.033148850728858,-0.0485475576457401,0.9633258657522056,0.3666120191117923,0.6324910220213498,0.2925983036177671,0.6143609200506004,-0.010199039351537561
3017e4dc-2150-43ad-9b08-b95b48ba8dfa,781b35fd-e1f0-4d14-b2bb-95b7263082bb,waveform_pca_16,0.4406404616619986,0.0682959994298841,0.36821885761002,0.4839658360394202,0.5166746788686359,0.0404199689166313,-0.0160240386835314,0.0235400811867449,-0.0198719548335252,-0.0771152640386412,0.9700034104746348,5.8837996771800034e-05,-0.0254288461164182,-0.0126102797163835,0.37555916672199186,-0.009810241490464323
3017e4dc-2150-43ad-9b08-b95b48ba8dfa,781b35fd-e1f0-4d14-b2bb-95b7263082bb,waveform_pca_48,0.4159142909312651,0.114638785662576,0.4095218780753775,0.4963130436819762,0.5183162042861245,0.0057103574205448,-0.0375259546718373,0.0245641229080427,-0.0054282231871154,-0.0314671387200067,0.985564607634601,0.0051776222161836,-0.0160674061048346,-0.0138951492944136,0.39094084052746386,-0.008829367250074379
478de1ce-d7e7-4221-9365-2abdc6e88fb6,5c0c560e-9e1f-45e9-b66e-e4ee7855be84,bank_wave+rms+psd,0.7198059760640376,0.4528904523580521,0.6038371056772017,0.8197626246608055,0.7514239119136727,0.151583883511011,-0.1693826899022271,0.1083366663091954,0.1187776782393381,0.1040498335428729,0.928740332310028,0.8131172054973704,0.9999999998880376,0.9999998434946092,0.669544014134754,0.06267307434003806
478de1ce-d7e7-4221-9365-2abdc6e88fb6,5c0c560e-9e1f-45e9-b66e-e4ee7855be84,group_pca_2x24,0.6686061732245744,0.3871536993606732,0.5698265773102069,0.7437276286592429,0.6973717552358063,0.0942548047895481,-0.2371413581288686,0.0754301524209179,0.0770276021453989,0.0630327479307249,0.0115681737035176,0.5732122148181696,0.9840999980141684,0.3826848787909828,0.6133371667581007,0.014520789831544242
478de1ce-d7e7-4221-9365-2abdc6e88fb6,5c0c560e-9e1f-45e9-b66e-e4ee7855be84,group_wave+amp1,0.6473413680105993,0.3293749632613978,0.5782530482830324,0.7375915022161227,0.6972406421957883,0.1029646447504655,-0.2452892934684713,0.1106285026053061,0.0718656371844563,0.0947284403474083,0.966775553636917,0.3449824836674234,0.5428310060916625,0.2379190748726616,0.5979603047933881,0.026979586283832974
478de1ce-d7e7-4221-9365-2abdc6e88fb6,5c0c560e-9e1f-45e9-b66e-e4ee7855be84,waveform_pca_16,0.1919841055847837,0.0515587919555653,0.1043360609197618,0.3194426361964899,0.3005393426470302,-0.0046314853993687,0.0090515179986353,0.0075455025417697,-0.0843627369273718,-0.0535855106092326,0.9753103891100656,0.001636427730702,-0.0253186793951459,-0.0214633805215978,0.19357218746072619,-0.025196542479113616
478de1ce-d7e7-4221-9365-2abdc6e88fb6,5c0c560e-9e1f-45e9-b66e-e4ee7855be84,waveform_pca_48,0.1809561719361123,0.0547887688035049,0.0821500205150339,0.3418151343337764,0.325606858292303,0.0176480917525485,0.0098619228447687,-0.026842646790487,-0.0729830812811843,-0.0470899070180144,0.9873989719930414,0.0370729496597938,0.0251659897528014,-0.013167128415816,0.1970633907761461,-0.023881124098473698
4836a465-c691-4852-a0b1-dcd2b1ce38a1,caa5dddc-9290-4e27-9f5e-575ba3598614,bank_wave+rms+psd,0.3963283304487526,0.3016911468177984,0.5008658652392914,0.7546924200371958,0.7377704019787971,-0.0835843069576224,0.1263634976249676,-0.0731177543640058,-0.0171995463093364,-0.1036119400529667,0.9648582455601622,0.925654495914218,0.9999999999402782,0.9999981371525322,0.538269632904367,-0.030230010011792742
4836a465-c691-4852-a0b1-dcd2b1ce38a1,caa5dddc-9290-4e27-9f5e-575ba3598614,group_pca_2x24,0.4036164224782178,0.2230651629330707,0.5057050951991532,0.7197677551637145,0.6972748277450046,-0.1147079253966036,0.081041711556205,-0.1099605618368195,-0.1600551773456847,-0.1900252619627823,0.1229695021917293,0.7551216489908685,0.9880700103260308,0.5944254857359719,0.5098858527038321,-0.09874144299713702
4836a465-c691-4852-a0b1-dcd2b1ce38a1,caa5dddc-9290-4e27-9f5e-575ba3598614,group_wave+amp1,0.3697755846929506,0.1390705184827839,0.4529900756247036,0.7033681929847012,0.7076416431661398,-0.0601712771749389,0.1249163241912688,-0.0678400173419992,-0.1365465421491996,-0.1238545643558706,0.9823168515427164,0.6699032158186355,0.7636019523170136,0.5133836611601411,0.4745692029902558,-0.0526992153661479
4836a465-c691-4852-a0b1-dcd2b1ce38a1,caa5dddc-9290-4e27-9f5e-575ba3598614,waveform_pca_16,0.1470228071096091,0.1007640970522581,0.2044131175424848,0.4408973970461254,0.4380071573804928,0.0713922510508877,-0.0026144082944275,0.0524069360399219,0.0093490087672484,0.0508481102491397,0.9863820718429592,0.0689485230605113,0.0571606799473448,-0.0146804893370829,0.26622091522619407,0.03627637956255404
4836a465-c691-4852-a0b1-dcd2b1ce38a1,caa5dddc-9290-4e27-9f5e-575ba3598614,waveform_pca_48,0.0812708531928733,0.1023454974620172,0.1536527571927783,0.460742325101199,0.4464406999830453,0.0430405861035152,-0.0140236170037443,-0.0323198353681136,0.0340147639040527,0.0030900056140931,0.995050761396582,0.0697929569478902,0.056914997845736,-0.0232423534034608,0.24889042658638263,0.006760380649960621
4ea45238-55b1-4d54-ba92-efa47feb9f57,f819d499-8bf7-4da0-a431-15377a8319d5,bank_wave+rms+psd,0.5377263312022349,0.5657815727538744,0.6397063121838842,0.8760687558403156,0.8767745415551307,-0.0881611153819214,-0.0384240692636988,0.1514384997230965,0.0263078875369016,0.0418655609744447,0.8821887345486494,0.7745275205924439,0.9999999998041564,0.9999999324564842,0.699211502707088,0.018605352717764524
4ea45238-55b1-4d54-ba92-efa47feb9f57,f819d499-8bf7-4da0-a431-15377a8319d5,group_pca_2x24,0.5237323412217809,0.4448616525246851,0.6129544535560328,0.8566959718222374,0.8567323909653243,-0.0446359530887258,0.0514661236713002,0.1536534266515929,0.0294164884021476,0.0383056285700518,0.1584148185205316,0.4667562983529237,0.9873375182526664,0.5101622920973923,0.6589953620180121,0.04564114284127334
4ea45238-55b1-4d54-ba92-efa47feb9f57,f819d499-8bf7-4da0-a431-15377a8319d5,group_wave+amp1,0.4873116819285358,0.4881854949526236,0.6306857269892273,0.8640600385956743,0.8656183812291446,-0.0356233716121702,0.0716693277445607,0.1607541362731996,0.0526241782493015,0.0635812978081616,0.933246867148804,0.4431958885574617,0.917009617138252,0.4286678710544314,0.667172264739041,0.06260111369261064
4ea45238-55b1-4d54-ba92-efa47feb9f57,f819d499-8bf7-4da0-a431-15377a8319d5,waveform_pca_16,0.2670306920331551,0.0967781016629082,0.5227428854054583,0.523367047844668,0.5394729872086266,0.0725809877590756,0.0306841681416947,0.000732484447491,-0.0096242132618613,-0.0052378564833234,0.9439254731166928,0.0700447725140237,0.083057038450866,0.0271932346340803,0.38987834283096323,0.017827114120615318
4ea45238-55b1-4d54-ba92-efa47feb9f57,f819d499-8bf7-4da0-a431-15377a8319d5,waveform_pca_48,0.3484568427830876,0.1442629929503102,0.5394120430273661,0.5412240799215529,0.5493349136544621,0.0245117313574319,-0.0274679912601278,0.017091352658381,0.0143413465824424,0.015011361372261,0.9757565773313996,0.0799646740555969,0.1057784439513005,0.0250125139463006,0.42453817446735576,0.0086975601420777
50445b30-f4ef-4405-b014-1d792ddfed88,a6fe44a8-07ab-49b8-81f9-e18575aa85cc,bank_wave+rms+psd,0.5233468109745624,0.6000132000263569,0.5363670108813299,0.710788681967284,0.7508497372760359,-0.1253352543884359,-0.2005959988939371,0.005508689701071,0.0626483281540181,0.0311527125609448,0.9211289550166508,0.7529826038838935,0.9999999996086526,0.9999998263533054,0.6242730882251137,-0.04532430457326782
50445b30-f4ef-4405-b014-1d792ddfed88,a6fe44a8-07ab-49b8-81f9-e18575aa85cc,group_pca_2x24,0.4840431577843581,0.642398482511626,0.5286893691978777,0.7026035048756957,0.7362777030245168,-0.0866647107133016,-0.1915858808151269,0.0609150683451077,0.1136764397161777,0.0965674637136735,-0.0765078185466785,0.5549000836406739,0.9818756765226436,0.516301967232113,0.6188024434788149,-0.0014183239506939198
50445b30-f4ef-4405-b014-1d792ddfed88,a6fe44a8-07ab-49b8-81f9-e18575aa85cc,group_wave+amp1,0.4906933886684888,0.5886466704934846,0.515720160932417,0.7378271375918546,0.7714647049419991,-0.105109592070798,-0.1929482377895971,0.051426053027159,0.1064056553632344,0.0946325429160411,0.9515801710460936,0.4664567711532661,0.8807455694799067,0.425917023695521,0.6208704125256489,-0.009118715710792116
50445b30-f4ef-4405-b014-1d792ddfed88,a6fe44a8-07ab-49b8-81f9-e18575aa85cc,waveform_pca_16,0.1832950781911085,-0.005572050575197,0.1884882605182495,0.2711179387187159,0.2711755559339956,0.0144593993563614,-0.0064438504162467,-0.027947210801676,-0.0140662724766528,-0.0348318353385604,0.97105236355339,0.1341891523510733,-0.0383298388062483,-0.0383291132146033,0.18170095655737453,-0.013765953935354902
50445b30-f4ef-4405-b014-1d792ddfed88,a6fe44a8-07ab-49b8-81f9-e18575aa85cc,waveform_pca_48,0.1668139236042358,0.0601587661623462,0.1761867324449483,0.2843642487068591,0.2810426002209184,0.0222566407542247,0.0173791927373078,-0.0268892735056183,0.0256174725756131,0.0073494454152017,0.9901105041482984,0.1625460141309929,-0.0423402686756655,-0.0423774062778279,0.19371325422786156,0.009142695595345801
523f8301-4f56-4faf-ab33-a9ff11331118,88224abb-5746-431f-9c17-17d7ef806e6a,bank_wave+rms+psd,0.7189026222470052,0.5232570439187924,0.6061388754805818,0.8410724065886135,0.8274858120676625,-0.0209912220341365,-0.017532756813242,0.0536556429421951,-0.0216363848342245,-0.0361031251778895,0.987280920767848,0.8263841958027424,0.99999999992485,0.9999991848890684,0.703371352060531,-0.00852156918345948
523f8301-4f56-4faf-ab33-a9ff11331118,88224abb-5746-431f-9c17-17d7ef806e6a,group_pca_2x24,0.6902357715807925,0.5357924583074116,0.5766835646488095,0.8214167844830628,0.8021135387610654,-0.0698551897192802,-0.1268452240435162,0.1134589480013402,-0.0731286760242662,-0.0998356727474004,0.1964546499097476,0.5944683247977159,0.9877977252903236,0.5319089012768272,0.6852484235562284,-0.05124116290662456
523f8301-4f56-4faf-ab33-a9ff11331118,88224abb-5746-431f-9c17-17d7ef806e6a,group_wave+amp1,0.698617196963929,0.5006642933569696,0.6084195536931618,0.8198865589024458,0.8140753088130768,-0.0246001626520896,-0.1645989623631084,0.0578034123344839,-0.055363574252011,-0.1146980200314139,0.9952468826670232,0.2761139943709398,0.5316259912577943,0.2665963190431947,0.6883325823459165,-0.060291461392827796
523f8301-4f56-4faf-ab33-a9ff11331118,88224abb-5746-431f-9c17-17d7ef806e6a,waveform_pca_16,0.4461363289376263,0.2606212739695963,0.5041127836039905,0.5119966205013066,0.503491268510512,0.0124301345003195,0.0083427148310237,-0.0152248416348077,-0.0264117332468397,-0.0126876703725386,0.9951284506213032,0.1209554430234139,0.163736253224385,0.0398243287072057,0.44527165510460637,-0.006710279184568561
523f8301-4f56-4faf-ab33-a9ff11331118,88224abb-5746-431f-9c17-17d7ef806e6a,waveform_pca_48,0.5091143985221751,0.2738159681226235,0.5340523543658799,0.5755401472826002,0.562424509441309,-0.0449715337866837,0.0388153586541123,0.0086227325891726,-0.0897232896577693,-0.0572582755832755,0.9972182955355824,0.1186660433119912,0.1824179528179542,0.0239880514443506,0.49098947554691746,-0.02890300155688872
63517fd4-ece1-49eb-9259-371dc30b1dd6,4a45c8ba-db6f-4f11-9403-56e06a33dfa4,bank_wave+rms+psd,0.8115220196424588,0.7448464813074036,0.645870307368432,0.7652196444235159,0.7457942471298051,-0.1203668329677929,0.0237810839791184,0.0159876994425609,-0.1125719288948023,-0.0921470951288335,0.9696581336890926,0.7978657230434232,0.9999999998582104,0.9999998230601668,0.7426505399743231,-0.05706341471394988
63517fd4-ece1-49eb-9259-371dc30b1dd6,4a45c8ba-db6f-4f11-9403-56e06a33dfa4,group_pca_2x24,0.8108300775356317,0.7330371206729857,0.6422402265668438,0.7558994720185641,0.7358715297443987,-0.146720023146695,-0.012310132757166,-0.0186944463300608,-0.1558063140443685,-0.1879460310693325,0.1754434140744944,0.4992893062577586,0.9836840472883556,0.4061219933125062,0.7355756853076848,-0.10429538946952457
63517fd4-ece1-49eb-9259-371dc30b1dd6,4a45c8ba-db6f-4f11-9403-56e06a33dfa4,group_wave+amp1,0.8101972012647618,0.710560106930594,0.64370141179498,0.7708366112246751,0.7610902808318641,-0.1224886946258418,-0.1533335314703777,-0.1165886507217863,-0.1033270482294041,-0.1617720883267318,0.9844823400045284,0.248354240913013,0.6530255957515212,0.1706423797619229,0.7392771224093749,-0.13150200267482834
63517fd4-ece1-49eb-9259-371dc30b1dd6,4a45c8ba-db6f-4f11-9403-56e06a33dfa4,waveform_pca_16,0.3272673806695878,0.1450865337775329,0.3214830985948936,0.3514246961476238,0.3596609791315205,-0.0025494096417104,0.0154756537099987,-0.0411885439635527,-0.0145764833258116,-0.046100524925424,0.9879247656902684,0.0717075192517529,0.0883221252180928,0.0077940125371091,0.30098453766423167,-0.0177878616293
63517fd4-ece1-49eb-9259-371dc30b1dd6,4a45c8ba-db6f-4f11-9403-56e06a33dfa4,waveform_pca_48,0.371825586658711,0.1810288993833084,0.3694669772194388,0.4109242578076977,0.4493806004376026,-0.0068192716255116,0.0109906137052535,-0.0460193014550145,-0.0524502002346366,-0.0961958160706271,0.9942191575598424,0.0717980477194926,0.0904466085441092,0.0075593113061622,0.35652526430135173,-0.03809879513610726
68f06c5f-8566-4a4f-a4b1-ab8398724913,1928bf72-2002-46a6-8930-728420402e01,bank_wave+rms+psd,0.5036846295114575,0.6337840449314143,0.7112615729803975,0.8507264889367264,0.8536904200739422,-0.2278840345098105,-0.2198395372485433,-0.1836756116865799,-0.3819347695350157,-0.3842854718077875,0.3026352461987903,0.7312600654731428,0.9999999994040584,0.9999998934274372,0.7106294312867876,-0.2795238849575474
68f06c5f-8566-4a4f-a4b1-ab8398724913,1928bf72-2002-46a6-8930-728420402e01,group_pca_2x24,0.5072118015740841,0.5643993339993616,0.6740131994042079,0.8181837178402539,0.8335245416445122,-0.244743081617647,-0.2333220700072465,-0.2040826575543754,-0.4034898171178971,-0.4168150861719087,0.0075554664405959,0.4312550810225835,0.9878509580738524,0.4368662684912467,0.6794665188924839,-0.3004905424938149
68f06c5f-8566-4a4f-a4b1-ab8398724913,1928bf72-2002-46a6-8930-728420402e01,group_wave+amp1,0.4876624740227696,0.4778064921780673,0.6952959893258901,0.8243353959454573,0.8375537837902185,-0.2319676676200143,-0.212385470120178,-0.191307230226316,-0.3192184104604961,-0.3546701218914704,0.3480402920110507,0.3752932239321617,0.909033551408569,0.3642277099436977,0.6645308270524806,-0.261909780063695
68f06c5f-8566-4a4f-a4b1-ab8398724913,1928bf72-2002-46a6-8930-728420402e01,waveform_pca_16,0.1226430040068659,0.0266808526157435,0.3431383054963746,0.187448006101452,0.2293506680619464,0.0158132575124299,-0.0158949884876132,-0.0226924255116465,-0.0339757242376027,-0.0118275789133791,0.7185793090064139,-0.0395013178517311,-0.0896656867523745,-0.1085687764932942,0.1818521672564765,-0.01371549192756232
68f06c5f-8566-4a4f-a4b1-ab8398724913,1928bf72-2002-46a6-8930-728420402e01,waveform_pca_48,0.161546635263039,0.0199459423739968,0.3653037626384524,0.1669749323274077,0.2006613338668738,-0.0193133920439215,0.018759142954317,0.023380847324675,-0.0336245447593586,-0.0215022751753606,0.8687007696811424,-0.051663780134942,-0.0988181149204051,-0.116803660182765,0.18288652129395394,-0.0064600443399297405
6a098711-5423-4072-8909-7cff0e2d4531,75b6b132-d998-4fba-8482-961418ac957d,bank_wave+rms+psd,0.5932124028438857,0.5972759256053318,0.6415962235466377,0.7406146707157769,0.6803018162140845,0.0174894171752087,-0.1200329504445461,0.0158759781065666,-0.0781282171463099,-0.0357781138038734,0.773732475873728,0.7499135605554151,0.999999999724093,0.9999999031143316,0.6506002077851433,-0.04011477722259081
6a098711-5423-4072-8909-7cff0e2d4531,75b6b132-d998-4fba-8482-961418ac957d,group_pca_2x24,0.5341373166499391,0.5630314713621587,0.6196565514196762,0.6823801128292267,0.6056463744446154,0.0813251184260832,-0.171273375052554,0.0453613386723806,-0.0877209704519562,-0.0013823468479878,0.1476796585706758,0.4056372257975489,0.9300936871728454,0.5557432577721199,0.6009703653411231,-0.02673804705080684
6a098711-5423-4072-8909-7cff0e2d4531,75b6b132-d998-4fba-8482-961418ac957d,group_wave+amp1,0.5661068829008615,0.3694427431237491,0.6474723797552931,0.7239649661855978,0.6739649446758611,0.0167978857906063,-0.2385843363260827,-0.1134931150073328,-0.0671743237865538,-0.0056067745079586,0.8381762008558974,0.3084083231367922,0.850961633866528,0.3475018483968302,0.5961903833282726,-0.08161213276746433
6a098711-5423-4072-8909-7cff0e2d4531,75b6b132-d998-4fba-8482-961418ac957d,waveform_pca_16,0.352013794501492,0.0007566681591077,0.5818127934990662,0.5672472914146509,0.5299872413833315,-0.0300049039813517,0.0661547331464513,-0.059746916660294,-0.0443541248676462,-0.075063878471999,0.9028779794878689,0.0261797645191947,0.1264638861063651,-0.003378874674992,0.40636355779152966,-0.02860301816696792
6a098711-5423-4072-8909-7cff0e2d4531,75b6b132-d998-4fba-8482-961418ac957d,waveform_pca_48,0.3767347072093359,-0.0005428668207714,0.5494592362924398,0.5121779965825924,0.4499849117297088,-0.0754173309633871,0.0395983774256151,-0.0701153828478675,-0.0798482007687802,-0.0919066331104241,0.9654171182562764,0.0169393898374328,0.1188231040838231,-0.0319883947564183,0.37756279699866113,-0.05553783405296876
70da415f-444d-4148-ade7-a1f58a16fcf8,781b35fd-e1f0-4d14-b2bb-95b7263082bb,bank_wave+rms+psd,0.5017349931071742,0.5988710577206755,0.5306340819870901,0.7107154879821007,0.704304067267634,-0.1185219509529815,-0.0183322038371732,-0.0548150003776904,-0.1508774162828948,-0.1354496270054498,0.984428751118128,0.8535898782232603,0.9999999999245206,0.999999869855003,0.609251937612935,-0.09559923969123793
70da415f-444d-4148-ade7-a1f58a16fcf8,781b35fd-e1f0-4d14-b2bb-95b7263082bb,group_pca_2x24,0.5046238132868772,0.539031477906386,0.5001427379830481,0.6629584736467288,0.6405655054134793,-0.0973067744137512,0.0152157760318282,0.0459429715717778,-0.0825099352143636,-0.06991290218059,0.1542437760508233,0.5752917871554327,0.9825127098384006,0.4112321361276166,0.5694644016473038,-0.03771417284101976
70da415f-444d-4148-ade7-a1f58a16fcf8,781b35fd-e1f0-4d14-b2bb-95b7263082bb,group_wave+amp1,0.5299291077879243,0.5294311998827995,0.5238881685102976,0.6898217214305495,0.661690799362318,-0.1141199558747901,0.0149700061576721,0.0266367495585222,-0.0277134863937388,-0.047760839410214,0.9925589180404546,0.1641277221886709,0.3041802520742132,0.1304056345792998,0.5869521993947778,-0.02959750519250972
70da415f-444d-4148-ade7-a1f58a16fcf8,781b35fd-e1f0-4d14-b2bb-95b7263082bb,waveform_pca_16,0.401431861188068,0.0846126706366714,0.3418491697558037,0.3758909420325381,0.4058934507058686,-0.0049368155466803,0.0103148166377823,0.0013195538330793,0.0383467012699307,0.0246988579687569,0.9920995270046332,0.1047910178728019,0.1462383675666899,0.0195544236890293,0.32193561886378996,0.013948622832573782
70da415f-444d-4148-ade7-a1f58a16fcf8,781b35fd-e1f0-4d14-b2bb-95b7263082bb,waveform_pca_48,0.3908903395801475,0.0994842619978467,0.3754704265170485,0.4989480525714153,0.5077719218740807,0.0294738777935609,0.0109686273958518,-0.004305773122637,-0.0059975257208605,-0.0251720759483239,0.9971870972753732,0.0984557426152749,0.1118026942795422,0.0122418587604705,0.37451300050810776,0.00099342607951826
72274871-80e5-4fb9-be1a-bb04acebb1de,69c9a415-f7fa-4208-887b-1417c1479b48,bank_wave+rms+psd,0.4581642032801141,0.5552913069541456,0.352095549193704,0.5709959811484832,0.5963432572299495,-0.1136222226928804,-0.1785293133703969,0.1133188804085244,-0.108806679722922,-0.0364624843236535,0.9433004418951652,0.9190534368024216,0.999999994413345,0.9999958893847593,0.5065780595612793,-0.06482036394026569
72274871-80e5-4fb9-be1a-bb04acebb1de,69c9a415-f7fa-4208-887b-1417c1479b48,group_pca_2x24,0.3764738381885296,0.5088038434836624,0.3272113924176917,0.5460535349043859,0.5484918083637069,-0.0915754654684047,-0.2067620720362565,0.1091905460865674,-0.0767345764528313,0.0427560521573378,0.0043511482890936,0.8177473200927619,0.984470927859102,0.5622634735389551,0.4614068834715953,-0.04462510314271746
72274871-80e5-4fb9-be1a-bb04acebb1de,69c9a415-f7fa-4208-887b-1417c1479b48,group_wave+amp1,0.4051289801475304,0.3914702662015106,0.4147545024378155,0.5473730635110063,0.5682388696873493,-0.0551535554432608,-0.1971523929592807,0.1202739075229161,-0.0360943372674694,0.0849755433652556,0.9741254723258757,0.7739670777633195,0.895020297193345,0.4745754219988727,0.4653931363970424,-0.01663016695636784
72274871-80e5-4fb9-be1a-bb04acebb1de,69c9a415-f7fa-4208-887b-1417c1479b48,waveform_pca_16,0.0207774816292112,0.0235467469414802,0.206599779248699,0.1711692818794305,0.1858947530340493,-0.0801673613712177,0.0185820877634894,0.0688439536614528,0.0894203860134036,0.1075443599686265,0.9869944620739024,-0.1377630496693583,-0.2248111385974626,-0.0754418203456512,0.12159760854657402,0.04084468520715092
72274871-80e5-4fb9-be1a-bb04acebb1de,69c9a415-f7fa-4208-887b-1417c1479b48,waveform_pca_48,0.0889545104004637,0.0899670122590629,0.3426756669943996,0.2742912270490664,0.3005523897423949,-0.0312335171335276,-0.0273758301077706,0.0737829347308501,0.0291729390909555,0.0620581631296625,0.9955668412702408,-0.2122036091320071,-0.1981980934531742,-0.0865149772268413,0.2192881612890775,0.021280937942033982
73ff4936-8cd3-4a75-a772-f563e67d249d,ebe2efe3-e8a1-451a-8947-76ef42427cc9,bank_wave+rms+psd,0.4974230257426566,0.4791125012711793,0.6458171771877275,0.5124982329010466,0.8108088774138571,0.0988164838434088,0.1211458838257705,0.1142752553363571,0.0980071707896719,0.0963653725466189,0.8686319511113303,0.4079619189697348,0.999999999742684,0.9999999458609832,0.5891319629032934,0.10572203326836545
73ff4936-8cd3-4a75-a772-f563e67d249d,ebe2efe3-e8a1-451a-8947-76ef42427cc9,group_pca_2x24,0.4732848581288748,0.4433117877065271,0.6130998609721969,0.4814203642174362,0.780096967267742,0.1184963165026958,0.22529170955337,0.162696299967191,0.1388121400490124,0.1575550941406968,0.0339360532593417,0.2359118180334297,0.9777898843761682,0.3927953654854677,0.5582427676585555,0.1605703120425932
73ff4936-8cd3-4a75-a772-f563e67d249d,ebe2efe3-e8a1-451a-8947-76ef42427cc9,group_wave+amp1,0.4372092465347788,0.4249403371633964,0.6073968148790899,0.4856999536590018,0.7749640196272483,0.1210729504043264,0.2790452511813402,0.1156451260088182,0.200047879520178,0.1672916629833154,0.9129388192652432,0.1507251082238964,0.6329905320632719,0.1939079484317293,0.5460420743727031,0.17662057401959566
73ff4936-8cd3-4a75-a772-f563e67d249d,ebe2efe3-e8a1-451a-8947-76ef42427cc9,waveform_pca_16,0.1738731707539428,0.063700166703295,0.4124924679204927,0.0613624423278678,0.3385875075240036,0.0157691579155497,0.1144827476472593,0.0072242607736101,0.0373814587274416,-0.0232697242988811,0.9290769136267938,-0.0129481478633095,0.0298672285034393,-0.0462783998349396,0.21000315104592038,0.03031758015299592
73ff4936-8cd3-4a75-a772-f563e67d249d,ebe2efe3-e8a1-451a-8947-76ef42427cc9,waveform_pca_48,0.1641287363170594,0.0489723955852776,0.3990045240426908,0.0519100211257261,0.3266152793166019,0.0181331915181275,0.0947178641692759,0.0132541187866201,0.0263988019881674,-0.0122423256409248,0.9610686489358224,-0.0133166677526543,0.0240805592532457,-0.0487028266002908,0.19812619127747116,0.02805233016425322
7be00744-2e27-4062-8f56-3969e24e9990,1a507308-c63a-4e02-8f32-3239a07dc578,bank_wave+rms+psd,0.5469180561711826,0.5137661179323048,0.5394131067110295,0.6256162139653816,0.5931615438283139,0.0808191607738684,-0.0474192622259002,0.0033082515751666,0.051861441770797,0.0498498660039605,0.9459694497664484,0.8540355095647867,0.9999999997491312,0.9999998795698496,0.5637750077216425,0.027683891579578457
7be00744-2e27-4062-8f56-3969e24e9990,1a507308-c63a-4e02-8f32-3239a07dc578,group_pca_2x24,0.5133810934146487,0.5046555577261731,0.5226245172108147,0.6088493546121735,0.5769854952781223,0.0957753789024049,-0.0205467323955894,0.0390772097615296,0.0817109208153389,0.0805133482194508,0.0961698171256425,0.5270286254200514,0.9884807687826308,0.5017910995851464,0.5452992036483864,0.055306025060626963
7be00744-2e27-4062-8f56-3969e24e9990,1a507308-c63a-4e02-8f32-3239a07dc578,group_wave+amp1,0.4721975957483139,0.4742970506292276,0.5257380925807081,0.6069702224137448,0.5985759353594294,0.0896185552670736,-0.0721060570239059,0.036371920170376,0.0814453383105079,0.0916767377823314,0.9670801202767076,0.3756080963557934,0.6462491246813591,0.3274480440534354,0.5355557793462847,0.0454012989012766
7be00744-2e27-4062-8f56-3969e24e9990,1a507308-c63a-4e02-8f32-3239a07dc578,waveform_pca_16,0.4137994464456948,0.1094714775380837,0.4413902543081558,0.4516818084738286,0.4953857335270168,-0.0824403158658265,-0.0196290520286376,-0.0161285741584898,0.0214057632113784,0.0392363724315433,0.962046865905812,0.1005911885923809,0.1968366917774889,-0.0277233091380838,0.3823457440585559,-0.01151116128200644
7be00744-2e27-4062-8f56-3969e24e9990,1a507308-c63a-4e02-8f32-3239a07dc578,waveform_pca_48,0.4413973832617325,0.0896750805459531,0.4705389003374257,0.611349597731907,0.6210227741571434,-0.0779203388905798,-0.0097718927394221,-0.0239315566737941,0.0068269768684232,-0.0107272051330613,0.9818087385838576,0.123080868439771,0.2196688791894655,-0.0248960721819226,0.44679674720683227,-0.023104803313686816
7c11adc6-adbd-484f-8ae9-13946285e3f8,5bcafa14-71cb-42fa-8265-ce5cda1b89e0,bank_wave+rms+psd,0.3460864412733976,-0.2594257126742285,0.3693129790517371,0.7182354257888827,0.6857252502604345,0.0670612502147611,0.0041608602697123,-0.1478687208631631,-0.0363740961172067,-0.0388284983325986,0.8389087264512751,0.7129238423638389,0.9999999996249196,0.9999998654977428,0.37198687674004466,-0.030369840965699002
7c11adc6-adbd-484f-8ae9-13946285e3f8,5bcafa14-71cb-42fa-8265-ce5cda1b89e0,group_pca_2x24,0.3038770630031704,-0.174756520801882,0.3471284503767568,0.6749563462060011,0.649804491439103,0.0477401687841864,0.0172619080668981,-0.1168264270439485,0.0170999518139535,-0.0059432470899665,0.1148562558543918,0.4414136803491298,0.974311525444202,0.4031688437454498,0.36020196604462984,-0.008133529093775398
7c11adc6-adbd-484f-8ae9-13946285e3f8,5bcafa14-71cb-42fa-8265-ce5cda1b89e0,group_wave+amp1,0.3294557792508757,-0.1076770365982828,0.4228280608400561,0.6699013311072762,0.6383429531981746,0.0758817750613978,-0.0350247121821158,-0.0635883768864677,0.03272609767279,0.0124239873395053,0.8988387228388245,0.2335864132311845,0.4664347864226553,0.2095696248926462,0.39057021755961996,0.004483754201021919
7c11adc6-adbd-484f-8ae9-13946285e3f8,5bcafa14-71cb-42fa-8265-ce5cda1b89e0,waveform_pca_16,0.2243010231354499,0.1886370706140696,0.3911998859464606,0.5252788874281373,0.4537187224277719,-0.0132307833706212,-0.0196559893804313,0.0146559662920918,-0.0113517443393982,0.0051003315783615,0.9268060045581236,-0.0348407992859887,-0.1875957428930384,-0.0585466765138509,0.3566271179103779,-0.00489644384399948
7c11adc6-adbd-484f-8ae9-13946285e3f8,5bcafa14-71cb-42fa-8265-ce5cda1b89e0,waveform_pca_48,0.2195188086478041,0.1742562075132343,0.368604673965878,0.5427059138202801,0.4882621401906712,-0.0009813146309701,-0.0079926016177463,-0.0435673399919957,0.0033597545604243,0.0317618001955913,0.9594898688559524,-0.038001961825443,-0.1826384036243998,-0.0656903361470116,0.35866954882757357,-0.0034839402969393
825ba9b8-ce03-49b7-b1a8-4d85ae2185af,a6fe44a8-07ab-49b8-81f9-e18575aa85cc,bank_wave+rms+psd,0.5078101488085135,0.6232218958956869,0.5479930396888866,0.8151498873646453,0.8399803375421034,-0.0821796342279039,-0.1538828854819212,0.0036126366536721,0.1162907533239054,0.0878199850992585,0.936362887939,0.794697426953112,0.999999999650252,0.9999998564727453,0.6668310618599671,-0.005667828926597826
825ba9b8-ce03-49b7-b1a8-4d85ae2185af,a6fe44a8-07ab-49b8-81f9-e18575aa85cc,group_pca_2x24,0.4750499124506804,0.6476372007243039,0.5424457535747229,0.7847160091092469,0.7988736894019055,-0.0806392124935077,-0.152711838916724,0.0293778805894205,0.1204094496106188,0.1023614008454784,-0.0081423561504779,0.6042353757323746,0.9784437547906036,0.4717724016218996,0.6497445130521718,0.003759535927057203
825ba9b8-ce03-49b7-b1a8-4d85ae2185af,a6fe44a8-07ab-49b8-81f9-e18575aa85cc,group_wave+amp1,0.5015821785795274,0.6230289942828067,0.5559950700854502,0.8087909231264513,0.8298614303085006,-0.1076940379028848,-0.1857929951295919,0.0424257658797096,0.1382684178590807,0.1224381247910351,0.961589465600057,0.5583251970247053,0.9164103593323062,0.4162674702218454,0.6638517192765472,0.001929055099469737
825ba9b8-ce03-49b7-b1a8-4d85ae2185af,a6fe44a8-07ab-49b8-81f9-e18575aa85cc,waveform_pca_16,0.2044158571589233,0.0977763245069035,0.2171406669059788,0.3439083568875084,0.3508515276310973,0.020018181354844,-0.0272191376386007,0.0269840897523206,-0.0107186024681296,-0.0069724674960942,0.9715253465567828,0.1163830348381402,-0.0846873948310393,-0.0273333391168588,0.24281854661808228,0.00041841270086802015
825ba9b8-ce03-49b7-b1a8-4d85ae2185af,a6fe44a8-07ab-49b8-81f9-e18575aa85cc,waveform_pca_48,0.2074588478714294,0.1294223698335337,0.218362434726636,0.3663335124235765,0.3726725311942325,-0.0169635827571164,-5.292728276395063e-05,0.0159268265645447,0.0177246126226295,-0.0204899442114244,0.9884271946480988,0.1434403242419961,-0.0653297212726312,-0.0202744293896184,0.25884993920988164,-0.0007710030128261089
834fca72-0b69-44e4-b77e-95a61290b50d,1a507308-c63a-4e02-8f32-3239a07dc578,bank_wave+rms+psd,0.5463958344699161,0.5097179350098463,0.5605281409561159,0.5917220832161731,0.5809125581240175,0.047045171088188,0.0195529722722734,-0.0686807958618823,0.0971298787949964,0.0280002440545233,0.9832433761090555,0.7701793963692513,0.9999999998607364,0.9999999159851712,0.5578553103552139,0.02460949406961976
834fca72-0b69-44e4-b77e-95a61290b50d,1a507308-c63a-4e02-8f32-3239a07dc578,group_pca_2x24,0.5243153296138863,0.5135320199655475,0.5356414172370212,0.5545459155702464,0.5470519517394684,0.0514664206983962,0.0114901295914607,-0.0208716699578957,0.0813713871032228,0.0205107492375205,0.2664061831381707,0.4845654026119858,0.9775649357446934,0.4023157355946594,0.535017326825234,0.0287934033345409
834fca72-0b69-44e4-b77e-95a61290b50d,1a507308-c63a-4e02-8f32-3239a07dc578,group_wave+amp1,0.551074930364739,0.4607461159388907,0.5878270613149906,0.637953771769482,0.6313124369646478,0.0167794462293528,-0.0999127804355852,-0.0089317398173676,0.0586289305160915,0.0253654584342159,0.9920557069707272,0.3426651068940946,0.5855061245936173,0.2161699172488047,0.5737828632705501,-0.001614137014658519
834fca72-0b69-44e4-b77e-95a61290b50d,1a507308-c63a-4e02-8f32-3239a07dc578,waveform_pca_16,0.4647331993045511,0.1136336140875619,0.5333140521048136,0.5446452825514512,0.5607561668940062,-0.0201911925046579,-0.0494630261099183,0.044847611387778,0.0605747399853356,0.0660412385820953,0.9924542915887348,0.1375155664382204,0.224935525445675,0.0155564595216279,0.44341646298847676,0.02036187426812654
834fca72-0b69-44e4-b77e-95a61290b50d,1a507308-c63a-4e02-8f32-3239a07dc578,waveform_pca_48,0.4814660934364524,0.1194496633928774,0.5270817875202238,0.6113808487567176,0.633577502772564,-0.0069318704723902,-0.0284969969106765,0.0421397987252243,0.00065230652467,0.0084833228714764,0.9969721636031716,0.1433001769681736,0.2453321726366747,0.0186071754665899,0.47459117917576704,0.0031693121476608008
88fe9ed9-9e3e-431a-8ecc-4cb2fe5bf448,75b6b132-d998-4fba-8482-961418ac957d,bank_wave+rms+psd,0.4576037838971938,0.5361645966297451,0.6501050081757849,0.7321988541512999,0.6604131594642937,0.0727465558720064,-0.0468740691767233,0.049576186976246,0.0596083637056119,0.0781968200825006,0.6495816530354637,0.7854930705062371,0.9999999994890192,0.9999997832528772,0.6072970804636635,0.04265077149192832
88fe9ed9-9e3e-431a-8ecc-4cb2fe5bf448,75b6b132-d998-4fba-8482-961418ac957d,group_pca_2x24,0.4161142840875131,0.5523001676183894,0.5994347789165688,0.696713493845382,0.6303862794785343,-0.0373709473668223,0.0061375858100296,0.0234134858115937,0.0757089757139687,0.0917944217194302,0.1715294978818746,0.5032251723455046,0.9836276203004184,0.5971135987896078,0.5789898007892775,0.031936704337639975
88fe9ed9-9e3e-431a-8ecc-4cb2fe5bf448,75b6b132-d998-4fba-8482-961418ac957d,group_wave+amp1,0.469800039437965,0.5338574722141243,0.6540995880287528,0.7299818539116829,0.6719261098806166,-0.0501807030974041,-0.0002586132051741,-0.0811377325848001,0.0488024916542998,0.0692314333810035,0.7547937880048987,0.400267964293461,0.8959540348807332,0.5367631289951948,0.6119330126946283,-0.0027086247704150024
88fe9ed9-9e3e-431a-8ecc-4cb2fe5bf448,75b6b132-d998-4fba-8482-961418ac957d,waveform_pca_16,0.2322144669564142,-0.01579820288944,0.5505130103819735,0.4940162189321473,0.4162187656160607,-0.0065533339891235,0.0362197783105022,0.0137670973424175,-0.0152324713569301,-0.0496423021724778,0.8894890207275715,0.0471204927662099,0.0868611176903808,0.0520286401218532,0.33543285179943116,-0.004288246373122339
88fe9ed9-9e3e-431a-8ecc-4cb2fe5bf448,75b6b132-d998-4fba-8482-961418ac957d,waveform_pca_48,0.271408166677649,0.0807322985038448,0.5448655721128745,0.519176412625541,0.4251615664879288,-0.007146792211698,0.0507205864385024,-0.0581507353921319,-0.0624559577558702,-0.0486181055713812,0.9497331287965828,0.0409628371446829,0.0843303936014142,0.0297657084379024,0.36826880328156764,-0.025130200898515774
a3ebc7f4-813a-4f06-a33e-9825c878f9c2,9fe512b8-92a8-4642-83b6-01158ab66c3c,bank_wave+rms+psd,0.7726341578836914,0.6034356409929076,0.6617322696995152,0.7747913855582116,0.7571339138628408,-0.0293936544175378,-0.0383304719052142,0.0293583263994228,-0.0131678105202186,-0.0457496490886269,0.8011007641110645,0.733012613051236,0.9999999997646256,0.999999716173678,0.7139454735994333,-0.01945665190643494
a3ebc7f4-813a-4f06-a33e-9825c878f9c2,9fe512b8-92a8-4642-83b6-01158ab66c3c,group_pca_2x24,0.7575410042928818,0.4983639678202257,0.614670113492659,0.7397377141373678,0.7120300462798792,-0.0369643584697264,0.0690359718633238,0.0447879996844813,0.06411702404728,0.0247104824478231,0.0894510876012545,0.499869469826486,0.9841260298172988,0.5753166721433766,0.6644685692046026,0.03313742391463635
a3ebc7f4-813a-4f06-a33e-9825c878f9c2,9fe512b8-92a8-4642-83b6-01158ab66c3c,group_wave+amp1,0.7819978833487763,0.5887436187486998,0.6557295340237732,0.757158105710636,0.7342389881401205,-0.0431567012080246,-0.0080195645469069,0.0861815279924865,0.0477290330668056,0.0438589549912448,0.888227154261012,0.4517643807216207,0.9088998690951636,0.4727148777699368,0.7035736259944011,0.025318650059121085
a3ebc7f4-813a-4f06-a33e-9825c878f9c2,9fe512b8-92a8-4642-83b6-01158ab66c3c,waveform_pca_16,0.3961662433520342,0.2535817736283531,0.4511446214354851,0.4342924347067515,0.418863764696633,-0.0059396496520813,0.0388935230178483,0.1344346420878329,0.0686012704864996,0.033919744540822,0.9148203698107658,0.0616721465350937,0.1670574987509431,0.0420298469144224,0.3908097675638514,0.05398190609618429
a3ebc7f4-813a-4f06-a33e-9825c878f9c2,9fe512b8-92a8-4642-83b6-01158ab66c3c,waveform_pca_48,0.4232387516663781,0.2272119270517731,0.4439219878442673,0.4365666364720818,0.4598814605159986,0.0251025058894578,0.0159641451147096,0.1654742263624898,0.0364492197485762,0.0019990918486184,0.9585392987648952,0.0581103539791655,0.1771524264742936,0.0349949874458458,0.39816415271009975,0.04899783779277036
a4d9d9d5-6ea3-4234-aa28-e064e83626fa,9fe512b8-92a8-4642-83b6-01158ab66c3c,bank_wave+rms+psd,0.7343093583487157,0.6793731957183547,0.5677395541887942,0.6948660995495145,0.6731456926479138,0.0023192717056371,-0.1589016762339855,-0.0722552653524617,0.0045464269166539,-0.0213466810436953,0.965009277501398,0.8867525153115738,0.9999999999599932,0.9999988526573116,0.6698867800906585,-0.0491275848015703
a4d9d9d5-6ea3-4234-aa28-e064e83626fa,9fe512b8-92a8-4642-83b6-01158ab66c3c,group_pca_2x24,0.7266685301501823,0.6395645092408755,0.5549508389774783,0.6407383899130293,0.6080000870277608,-0.0470758638990862,-0.1509244290380549,-0.0816146518905952,-0.0505130564804253,-0.0568558799841098,0.0840779480687965,0.7605286464379328,0.9919804352755528,0.6196839909163729,0.6339844710618652,-0.07739677625845429
a4d9d9d5-6ea3-4234-aa28-e064e83626fa,9fe512b8-92a8-4642-83b6-01158ab66c3c,group_wave+amp1,0.6646055270075061,0.6255004000397798,0.4944985176322819,0.587816277895795,0.5717926003095097,-0.0637316103840442,-0.0209672708752465,-0.0321385481331821,-0.0079608735223855,-0.0226953446205489,0.978267924590642,0.6351643505886486,0.7578434814464774,0.4522305136225615,0.5888426645769744,-0.02949872950708144
a4d9d9d5-6ea3-4234-aa28-e064e83626fa,9fe512b8-92a8-4642-83b6-01158ab66c3c,waveform_pca_16,0.3731106946071303,0.2027280084587214,0.3485841916078218,0.3767092704435496,0.364406488821914,0.0208134276120147,0.0219482560047597,0.0496372065645481,0.0570992898817831,-0.0111926202586649,0.984052457982148,0.0479341305029407,0.0497003702789203,-0.0030430427996939,0.3331077307878274,0.027661111960888142
a4d9d9d5-6ea3-4234-aa28-e064e83626fa,9fe512b8-92a8-4642-83b6-01158ab66c3c,waveform_pca_48,0.3651972799722053,0.1964195787667115,0.3828372107755844,0.3792077405250477,0.3818995808489662,0.0594530850618349,0.026161163003247,0.1138386720520443,0.0407927020128087,-0.0151191002394837,0.9911425516336364,0.054928034428866,0.0627961770115216,-0.007677293688951,0.341112278177703,0.045025304378090235
a5f2ec22-0ff3-4249-bd2f-6247c3990e53,a4a74102-2af5-45dc-9e41-ef7f5aed88be,bank_wave+rms+psd,0.4721622479810119,0.4857262752156676,0.6791305465921353,0.7431120709472996,0.732159804839085,-0.0893941328497178,-0.157725563236456,-0.1156895344384321,-0.0874920257876159,-0.1241034034524913,0.8871205709625055,0.6431788956718743,0.9999999997574408,0.999999963815741,0.6224581891150398,-0.11488093195294262
a5f2ec22-0ff3-4249-bd2f-6247c3990e53,a4a74102-2af5-45dc-9e41-ef7f5aed88be,group_pca_2x24,0.403476890803754,0.4675617813918923,0.6131473870142327,0.651612420955197,0.6406463144590058,-0.1131566447211023,-0.0383964111035971,-0.1131240708771447,-0.0676191296191699,-0.129351696965058,0.0663169286179037,0.4045021313929584,0.964907349979367,0.3433375749183712,0.5552889589248163,-0.0923295906572144
a5f2ec22-0ff3-4249-bd2f-6247c3990e53,a4a74102-2af5-45dc-9e41-ef7f5aed88be,group_wave+amp1,0.4440963782355075,0.4498623692948885,0.6371066292457901,0.6840801831734526,0.6838363406431895,-0.0914853172772169,-0.0263087295144721,-0.0785289581102885,-0.0836021834439124,-0.1131898907768824,0.9420626472422357,0.3166689420854722,0.7047710533465603,0.2055524472050387,0.5797963801185657,-0.07862301582455447
a5f2ec22-0ff3-4249-bd2f-6247c3990e53,a4a74102-2af5-45dc-9e41-ef7f5aed88be,waveform_pca_16,0.3035512752196277,0.1521206884068724,0.4261083179262807,0.4857390894332786,0.4345334538836513,-0.0757881564035665,-0.0416217964931175,0.0265411576060866,0.0434534685981135,0.0758492995494192,0.9491150822229084,0.0049489419572686,-0.0078150351532016,0.0007301361320942,0.3604105649739421,0.005686794571387063
a5f2ec22-0ff3-4249-bd2f-6247c3990e53,a4a74102-2af5-45dc-9e41-ef7f5aed88be,waveform_pca_48,0.3439461640729006,0.213321898392625,0.5146171412329079,0.5190332422957689,0.481188792639319,-0.0830133767269946,-0.0079231313123859,0.0862024130695254,0.053605828167892,0.0728445906898996,0.9665224317470952,0.0049690597473736,0.0077370258203509,0.0023785392139751,0.41442144772670425,0.0243432647775873
a6b71993-165b-4c43-845c-c062fe7d7a11,49250fba-801c-4867-a0a7-a1e19538cb61,bank_wave+rms+psd,0.6699805146063574,0.3915642684993284,0.7127244631874989,0.8070060718514707,0.82854540739753,-0.0376541883455868,0.0884548856789234,0.0343316540008868,-0.0149616296462032,0.0069023820845662,0.8232559203043708,0.4330826291220243,0.999999999879818,0.9999999227088996,0.6819641451084371,0.015414620754517277
a6b71993-165b-4c43-845c-c062fe7d7a11,49250fba-801c-4867-a0a7-a1e19538cb61,group_pca_2x24,0.6389122858866608,0.416128901466908,0.6568356053602828,0.736605802073935,0.7644389982766804,-0.0857279062490191,0.0991022985471026,-0.0004095067430674,-0.0438884722144733,-0.0218313071280809,0.1996386677648777,0.2895772230713674,0.9650665167163788,0.3968309239764311,0.6425843186128933,-0.01055097875750762
a6b71993-165b-4c43-845c-c062fe7d7a11,49250fba-801c-4867-a0a7-a1e19538cb61,group_wave+amp1,0.7052244259578773,0.3055893537010473,0.7558889065012209,0.7783944483186598,0.800124138840712,-0.0029250818333266,0.1488180943152674,0.0152271398767951,0.0079120839773697,0.0305900018653708,0.8756417875488423,0.165138218571814,0.7380966119999536,0.2945679079969934,0.6690442546639035,0.039924447640295284
a6b71993-165b-4c43-845c-c062fe7d7a11,49250fba-801c-4867-a0a7-a1e19538cb61,waveform_pca_16,0.6787264892925882,0.1558487949462929,0.6948732106500316,0.6978492289944801,0.7205915011261546,0.046534048071994,-0.0962325585061605,0.0075505403113551,0.02833333603355,0.0142342026540128,0.8706932584444289,0.0755348328269244,0.2697041935887607,0.0598741822495524,0.5895778450019095,8.391371295028149e-05
a6b71993-165b-4c43-845c-c062fe7d7a11,49250fba-801c-4867-a0a7-a1e19538cb61,waveform_pca_48,0.6522442445830438,0.1613667568580907,0.679797878318593,0.6806025933832069,0.7133458213514275,0.0071496353184322,-0.0766091816191428,-0.0038670766730761,-0.0044863354704645,0.0086689758354096,0.9256004053400966,0.0559995177291646,0.2853434526153289,0.0372805632096521,0.5774714588988724,-0.013828796521768322
ac088ddb-9e1e-49ae-b341-46a8445cf809,ebe2efe3-e8a1-451a-8947-76ef42427cc9,bank_wave+rms+psd,0.4391176574924549,0.5643991713995063,0.5298023933123446,0.4622516063021895,0.7259460450131499,0.0250735145951696,-0.1268436064753508,-0.027440454698015,-0.0935887417324855,-0.0231151867545825,0.6159450143012313,0.3131824187741227,0.9999999995197748,0.9999999626444812,0.5443033747039291,-0.04918289501305285
ac088ddb-9e1e-49ae-b341-46a8445cf809,ebe2efe3-e8a1-451a-8947-76ef42427cc9,group_pca_2x24,0.3430590650599638,0.5346730385001499,0.3797007518266601,0.4223923992871641,0.587166767715604,0.0515824691591453,-0.0618700594276367,0.0475068124829322,-0.0429201259501551,0.0148560073404363,0.0233793946699901,0.1562828227489391,0.9496707370549536,0.3781303959295666,0.45339840447790836,0.0018310207209443995
ac088ddb-9e1e-49ae-b341-46a8445cf809,ebe2efe3-e8a1-451a-8947-76ef42427cc9,group_wave+amp1,0.274518988880379,0.5670213993170904,0.3608588893531186,0.2317410423662884,0.5123374463329343,0.0035344034680151,0.053615217349129,0.0375583385177813,-0.0188825847137588,-0.013380708945092,0.7398839873072482,0.035194420059046,0.3412915332382991,0.1910739509589531,0.3892955532499622,0.012488933135214922
ac088ddb-9e1e-49ae-b341-46a8445cf809,ebe2efe3-e8a1-451a-8947-76ef42427cc9,waveform_pca_16,0.1351060783775769,0.0635270508923572,0.2221687993997426,0.0908201610811757,0.2861075377944433,-0.0260981941371253,0.0212277294977567,0.0793816510664358,-0.0412181104291724,0.0208318138440499,0.8287971500515954,-0.0040012683636097,-0.001670258269295,-0.0161793727319578,0.15954592550905916,0.010824977968388938
ac088ddb-9e1e-49ae-b341-46a8445cf809,ebe2efe3-e8a1-451a-8947-76ef42427cc9,waveform_pca_48,0.147495764664305,0.0534081631888238,0.3308646577694893,0.1056083014174835,0.3245884249933237,-0.0174532762508013,-0.0020472079281237,0.1032530238277645,-0.0192250468086227,0.0013283021578433,0.9243911259990172,-0.0074374669933661,0.0072490711728351,-0.0182297703412489,0.19239306240668505,0.01317115899961202
ad315779-2b39-46c4-8348-b166e796fa7c,dfbe628d-365b-461c-a07f-8b9911ba83aa,bank_wave+rms+psd,0.148872880489588,0.1741767040731875,0.428460558642744,0.6439279033501845,0.7209141402774621,-0.0643012888427825,0.0288781040373862,-0.0687589579211396,0.0201165858321188,0.0340053383131062,0.915625996089624,0.8845260187731013,0.9999999998153376,0.9999999411655566,0.4232704373666333,-0.01001204371626218
ad315779-2b39-46c4-8348-b166e796fa7c,dfbe628d-365b-461c-a07f-8b9911ba83aa,group_pca_2x24,0.2304607458287883,0.1309768524911165,0.4315255232149616,0.5759174891796773,0.6386165382284762,-0.0044471747279709,-0.0093896296723109,-0.0650676460129943,-0.0026353669372235,0.0278998122969951,0.0377906571014724,0.5421387214880968,0.928927544592572,0.4331114319537348,0.401499429788604,-0.0107280010107009
ad315779-2b39-46c4-8348-b166e796fa7c,dfbe628d-365b-461c-a07f-8b9911ba83aa,group_wave+amp1,0.1858673114692737,0.1529109012454274,0.3905953184683755,0.6227044288162672,0.6754786585667528,-0.0094535075198526,0.0253717853316326,-0.0609525647616216,0.019204118439616,0.0677357136604957,0.96401064485424,0.4391337813732446,0.7379148117966549,0.3212518397707583,0.40551132371321935,0.008381109030054021
ad315779-2b39-46c4-8348-b166e796fa7c,dfbe628d-365b-461c-a07f-8b9911ba83aa,waveform_pca_16,0.231494026882705,0.072965036923255,0.2584786490065582,0.3874477850969737,0.4315617819937569,0.0315753503448263,-0.0081459066716511,-0.0244197959038177,-0.0251722604784355,-0.0288213167856366,0.9730395397347252,0.0072419262372503,0.0050871610323104,-0.0126856002523383,0.2763894559806498,-0.01099678589894292
ad315779-2b39-46c4-8348-b166e796fa7c,dfbe628d-365b-461c-a07f-8b9911ba83aa,waveform_pca_48,0.2365637952915215,0.1131206170021447,0.2386166483235597,0.4151340572283017,0.4712079241680428,0.0158698706732974,0.0132991886409041,0.0541535336926662,-0.0041978926832785,-0.0145708558126151,0.987110531186342,0.0056332080512645,0.007466984087462,-0.0124000625095646,0.29492860840271407,0.012910768902194818
ae03524f-e493-4077-99b1-588244de9a98,88224abb-5746-431f-9c17-17d7ef806e6a,bank_wave+rms+psd,0.718480804611189,0.370834821203493,0.6225133394728328,0.8540433760030075,0.8363326099204222,-0.1056968887778176,0.0346810701458862,0.1097880932403796,-0.1142984187723854,-0.1084634329287251,0.9233602279623616,0.6379118529836232,0.999999999911984,0.99999993177864,0.6804409902421888,-0.03679791541853246
ae03524f-e493-4077-99b1-588244de9a98,88224abb-5746-431f-9c17-17d7ef806e6a,group_pca_2x24,0.6731184568526676,0.3641566169342357,0.5689463389786755,0.8277965696254577,0.8030410777890005,-0.1523450036997915,-0.0559816839740565,0.0675443405994308,-0.1473017292385205,-0.1527180762036931,0.1316692656862698,0.4268674332504371,0.968537351643494,0.4372935571826177,0.6474118120360074,-0.08816043050332617
ae03524f-e493-4077-99b1-588244de9a98,88224abb-5746-431f-9c17-17d7ef806e6a,group_wave+amp1,0.69991596611323,0.3727626109773433,0.6153590804719694,0.8072435862014515,0.7821086387439088,-0.1614471662282904,0.0115577278899195,0.0293730422311267,-0.1725900580545992,-0.1852491369244167,0.9593572776278326,0.343605512848367,0.7585225033180609,0.2893955337390915,0.6554779765015806,-0.09567111821725202
ae03524f-e493-4077-99b1-588244de9a98,88224abb-5746-431f-9c17-17d7ef806e6a,waveform_pca_16,0.5102344096729406,0.2782458347124297,0.5451705548880916,0.5820340153054502,0.5638645886316875,-0.0714812586660525,0.0193839398906088,0.0325216115263325,-0.0694254756604137,-0.0664396307513435,0.9644597907895184,0.0720313485647192,0.1330164688650622,0.000421965725866,0.49590988064211994,-0.03108816273217368
ae03524f-e493-4077-99b1-588244de9a98,88224abb-5746-431f-9c17-17d7ef806e6a,waveform_pca_48,0.5584605009272448,0.2961401564310442,0.5703899559061567,0.6134869628745997,0.6016327416961261,-0.073864501822896,0.0937232051144138,0.0285312266250237,-0.1014843325179414,-0.1058448698907154,0.9751351386730976,0.0791732056039387,0.1711317286748239,0.0010105531094625,0.5280220635670343,-0.03178785449842306
b2ea68e2-c732-4d17-8166-1a8595fff225,3f859b5c-e73a-4044-b49e-34bb81e96715,bank_wave+rms+psd,0.6583263595582225,0.7223893000371726,0.4270003483023168,0.6758653868575057,0.6534738462626345,0.1815612367896493,0.147654595675828,0.0423936319690663,0.1353572862849062,0.1195879829448381,0.956050887643896,0.8790478085740875,0.9999999996054608,0.9999998419812576,0.6274110482035705,0.1253109467328576
b2ea68e2-c732-4d17-8166-1a8595fff225,3f859b5c-e73a-4044-b49e-34bb81e96715,group_pca_2x24,0.6304390036389051,0.7429981492138464,0.371739689446021,0.6787033741224037,0.6477177728414666,0.1693264752656325,0.1584608893905333,0.0363362903590214,0.0908045270321599,0.0771480124276477,0.1576204570484593,0.7850614568881715,0.971415531316158,0.618061360525985,0.6143195978525285,0.10641523889499896
b2ea68e2-c732-4d17-8166-1a8595fff225,3f859b5c-e73a-4044-b49e-34bb81e96715,group_wave+amp1,0.6718823414326612,0.7639246289524839,0.4325125401234205,0.6883274440779714,0.6661677339367611,0.2070420360121451,0.2025803118475633,0.0465053233751594,0.1146005579680344,0.0994336973360516,0.9760982420708714,0.7738640336578179,0.8991429717965469,0.5865218427955836,0.6445629377046596,0.13403238530779077
b2ea68e2-c732-4d17-8166-1a8595fff225,3f859b5c-e73a-4044-b49e-34bb81e96715,waveform_pca_16,0.391455780042574,0.1225450437755902,0.3178101573348775,0.3492492371072145,0.3486178840510337,-0.0013405215290518,0.0013715363254784,0.0484585835696803,0.0557551879119837,0.0421266670649287,0.9906624384188754,0.2826323220268562,0.0324139058725252,0.0797561815190555,0.305935620462258,0.029274290668603865
b2ea68e2-c732-4d17-8166-1a8595fff225,3f859b5c-e73a-4044-b49e-34bb81e96715,waveform_pca_48,0.389426194413128,0.1213278021812949,0.3283450850616292,0.3709235986045637,0.3821541434780113,0.0025295976838118,0.0150200907857192,0.02844818451243,0.0861183558078048,0.0469151562091679,0.998025684731399,0.2965566825045896,0.0417128605315835,0.0731834232394124,0.31843536474772544,0.03580627699978674
bbe6ebc1-d32f-42dd-a89c-211226737deb,1b715600-0cbc-442c-bd00-5b0ac2865de1,bank_wave+rms+psd,0.3999242104226551,0.5102009825021027,0.4232662546195865,0.7327292934008367,0.742044567432336,-0.0907061136863568,0.0197568563325894,0.1833902865793457,0.0778437310130856,0.0373403298240441,0.9575993791254472,0.8453396211005523,0.9999999998323436,0.9999996756156512,0.5616330616755034,0.04552501801254161
bbe6ebc1-d32f-42dd-a89c-211226737deb,1b715600-0cbc-442c-bd00-5b0ac2865de1,group_pca_2x24,0.378008882168876,0.408320805264911,0.3954419534471887,0.7186383844672612,0.7306517666322114,-0.0167409288062995,0.0341406514502938,0.2265220721396194,0.0518851718174517,0.0117151549293603,0.082633297097585,0.6339847743233693,0.9889187763899722,0.4471462680095825,0.5262123583960896,0.061504424306085145
bbe6ebc1-d32f-42dd-a89c-211226737deb,1b715600-0cbc-442c-bd00-5b0ac2865de1,group_wave+amp1,0.337886109031927,0.2811451431718905,0.3745438215361106,0.6893534859213103,0.7396629591114121,0.0225691273463714,0.1080036037498378,0.2014290900097527,0.0649973555671718,0.0519967830982534,0.9846890000930626,0.4004854343831567,0.5404288165630999,0.2720035375504599,0.4845183037545301,0.08979919195427741
bbe6ebc1-d32f-42dd-a89c-211226737deb,1b715600-0cbc-442c-bd00-5b0ac2865de1,waveform_pca_16,-0.0288716841315181,0.038838521840562,0.1993306934316115,0.3255308857688676,0.3257302654677371,-0.0754503592309579,-0.0051862098908894,0.0373527721537916,0.0281755807135421,0.0333931346015104,0.9895643461486704,0.0498283592980453,-0.0169865377528804,-0.0379612895496664,0.17211173647545203,0.0036569836693993592
bbe6ebc1-d32f-42dd-a89c-211226737deb,1b715600-0cbc-442c-bd00-5b0ac2865de1,waveform_pca_48,0.063973119615739,0.0249193180728301,0.1881489066786957,0.3112281110059491,0.3348382676863908,-0.052097825173425,-0.015964094380544,0.0125275412102706,-0.0128332753163718,-0.0031801421973292,0.9972766572945224,0.086660835013955,0.0088726842526567,-0.0318127316170068,0.18462154461192096,-0.01430955917147988
ca5404f7-297c-40f1-bbf0-5ac0a63e24f8,4a45c8ba-db6f-4f11-9403-56e06a33dfa4,bank_wave+rms+psd,0.8232781218001162,0.6797175375743187,0.6183641814186727,0.758732560728129,0.7289487802296462,-0.1703387149300821,-0.0060164905608438,-0.0389726268009709,-0.1567310627209835,-0.2190661398194476,0.8346990054481779,0.6629150958899918,0.9999999998986444,0.9999994268539962,0.7218082363501765,-0.11822500696646557
ca5404f7-297c-40f1-bbf0-5ac0a63e24f8,4a45c8ba-db6f-4f11-9403-56e06a33dfa4,group_pca_2x24,0.8141121546884931,0.6565354914968855,0.5945737735872654,0.7698807748415476,0.7415806836201277,-0.1604683375562504,-0.0403444134406489,-0.0243541439818374,-0.2478563471699352,-0.2822469338686481,0.0457696692174364,0.4057620196984208,0.9818520456553816,0.3793302699400012,0.7153365756468638,-0.151054035203464
ca5404f7-297c-40f1-bbf0-5ac0a63e24f8,4a45c8ba-db6f-4f11-9403-56e06a33dfa4,group_wave+amp1,0.7736919830329521,0.622025140129574,0.601875861479082,0.7498391567430525,0.7254671981848712,-0.1309403294289623,-0.142554117820637,0.0234125656546367,-0.2198175130381545,-0.2451123740455529,0.8850761474085971,0.2965393895966204,0.8179480614079077,0.2233970274474644,0.6945798679139064,-0.143002353735734
ca5404f7-297c-40f1-bbf0-5ac0a63e24f8,4a45c8ba-db6f-4f11-9403-56e06a33dfa4,waveform_pca_16,0.3699911497939658,0.1572193365159072,0.3792313012301713,0.3586949926664402,0.3469615834622555,-0.0307970141371713,-0.0319361191031398,-0.0680459007586441,-0.0106386057069127,-0.0382382602859336,0.9182175278705726,0.017699549021142,0.0312412878883811,-0.0178112264689425,0.322419672733748,-0.0359311799983603
ca5404f7-297c-40f1-bbf0-5ac0a63e24f8,4a45c8ba-db6f-4f11-9403-56e06a33dfa4,waveform_pca_48,0.3842423523888155,0.1884745488385566,0.3553332043923531,0.3992021871645314,0.4013709361836684,-0.0372363407341956,-0.0199729703194093,-0.0717317244613517,-0.0083230237775454,-0.0946978961784684,0.9525514546998874,0.0201929396854023,0.0534812282499727,-0.0201962166887029,0.345724645793585,-0.04639239109419409
caf2170c-5463-46ce-8cd0-66f2e1e3376d,7416f387-b302-4ca3-8daf-03b585a1b7ec,bank_wave+rms+psd,0.3485279017128515,0.4733372137602172,0.7188014109453806,0.8137301541147189,0.7870417840011371,-0.0292453758649634,0.0369795842224686,-0.1541918614170487,0.0312860515070932,0.0414611513505984,0.8590788475783604,0.644196830507215,0.999999999765295,0.999999838719041,0.6282876929068612,-0.014742090040370373
caf2170c-5463-46ce-8cd0-66f2e1e3376d,7416f387-b302-4ca3-8daf-03b585a1b7ec,group_pca_2x24,0.3192784884983531,0.3708158134317776,0.6507122681391823,0.7967274852953384,0.7672508910295274,-0.0277851419626955,0.0868955533415693,-0.155789346892105,0.0722507644013243,0.0701591304072273,0.1474941148012151,0.4352737479800801,0.967431482126172,0.5276799914322174,0.5809569892788357,0.009146191859064078
caf2170c-5463-46ce-8cd0-66f2e1e3376d,7416f387-b302-4ca3-8daf-03b585a1b7ec,group_wave+amp1,0.3003897121420024,0.29929970463231,0.721731807727617,0.8044766092304314,0.7775446574900384,-0.0188201919086562,0.079198716784498,-0.0547629665646721,0.0402733847975481,0.0400217852218792,0.9193936561717272,0.3880176613965854,0.8988437829903251,0.4782561514004734,0.5806884982444798,0.0171821456661194
caf2170c-5463-46ce-8cd0-66f2e1e3376d,7416f387-b302-4ca3-8daf-03b585a1b7ec,waveform_pca_16,0.2144404634404773,0.2106946767145156,0.6296366473717124,0.6288184884239237,0.6109178579354373,-0.005231381628208,-0.0212572062961376,-0.0165778670395726,0.0341103975966184,-0.0055549740468257,0.9416443427401056,0.0685839911681043,0.1778547361328118,0.013195402789151,0.45890162677721325,-0.0029022062828250998
caf2170c-5463-46ce-8cd0-66f2e1e3376d,7416f387-b302-4ca3-8daf-03b585a1b7ec,waveform_pca_48,0.2379397997668563,0.2129700431288353,0.6423542768052467,0.6288422423438026,0.613729815361477,0.0017882782634907,0.0453129761267839,0.028764152161689,0.0047569020406382,-0.0270600512385086,0.9789998947483092,0.0593620345617132,0.1709701839952651,0.0020960612673072,0.4671672354812436,0.010712451470818637
ce99545f-c6a5-4d53-8b68-0ceb78bd942e,d23a44ef-1402-4ed7-97f5-47e9a7a504d9,bank_wave+rms+psd,0.8405719610748361,0.7323707555305814,0.700470385114125,0.8403486343198601,0.8282035123859981,-0.1235008319111679,0.0309792730994903,0.0740118164183168,-0.0050121011951202,0.0212525134365014,0.8886317014455587,0.7658317341194181,0.9999999995725012,0.9999997844757113,0.7883930496850802,-0.00045386603039591634
ce99545f-c6a5-4d53-8b68-0ceb78bd942e,d23a44ef-1402-4ed7-97f5-47e9a7a504d9,group_pca_2x24,0.7917178634801528,0.7108318162170953,0.6845973997897595,0.8005586270935227,0.7794318862867986,-0.0606110529130674,0.0314390170332053,0.0881821071943043,0.0558861597021912,0.0369334041065147,0.2965479484433068,0.531194874623938,0.9930093943369184,0.6315712302804251,0.7534275185734657,0.030365927024629626
ce99545f-c6a5-4d53-8b68-0ceb78bd942e,d23a44ef-1402-4ed7-97f5-47e9a7a504d9,group_wave+amp1,0.844511046721387,0.7174621197537804,0.7170686915181321,0.8377233010018039,0.8227974458265153,-0.0514970931385767,0.1618053020143912,0.106836477906116,0.0678918215062046,0.0752394751912108,0.9284782172812164,0.4921142128929638,0.9620260497064812,0.5703122062811232,0.7879125209643238,0.07205519669586917
ce99545f-c6a5-4d53-8b68-0ceb78bd942e,d23a44ef-1402-4ed7-97f5-47e9a7a504d9,waveform_pca_16,0.5868312269754381,0.277901843113897,0.5289865672578871,0.618777250841236,0.6408389891752477,-0.0619596061026676,-0.1250627901048255,0.027623535286644,-0.0170517710231025,-0.0013009340730906,0.942717968409919,0.1293853117330605,0.1651207502417502,0.0546025008304298,0.5306671754727411,-0.03555031320340844
ce99545f-c6a5-4d53-8b68-0ceb78bd942e,d23a44ef-1402-4ed7-97f5-47e9a7a504d9,waveform_pca_48,0.6214873706624033,0.379354700065849,0.525282354417986,0.6256932929493317,0.639570381847852,-0.0603200249176506,-0.1739254277616656,-0.02257061183867,-0.0159884471803202,0.0219182690572069,0.9752269599372226,0.1325360370026428,0.1806114981664431,0.0520233029547193,0.5582776199886844,-0.050177248528219906
d0046384-16ea-4f69-bae9-165e8d0aeacf,caa5dddc-9290-4e27-9f5e-575ba3598614,bank_wave+rms+psd,0.386009608596663,0.2444580968055616,0.5006343488795311,0.7780641850489692,0.7373247623178468,-0.0947694384594285,0.0402999479069875,-0.0769341777810064,-0.0293862838024732,-0.0900706847308075,0.9888987730229966,0.8454254574408039,0.9999999999458444,0.999998133572114,0.5292982003297143,-0.05017212737334562
d0046384-16ea-4f69-bae9-165e8d0aeacf,caa5dddc-9290-4e27-9f5e-575ba3598614,group_pca_2x24,0.3927739948853375,0.2283936359852545,0.4854555377676736,0.7447220530065014,0.6965113367397435,-0.0845273403630056,0.0841968020324257,-0.0682183436384828,0.0308933958574249,-0.0383585891710476,0.1299957572407208,0.6254396622188648,0.986838586587439,0.4360024937607207,0.5095713116769021,-0.015202815056537079
d0046384-16ea-4f69-bae9-165e8d0aeacf,caa5dddc-9290-4e27-9f5e-575ba3598614,group_wave+amp1,0.3604976909399548,0.2117356003285981,0.4272091784796152,0.7027631117612231,0.7010849136730665,-0.0409147155714376,0.1216098668906645,-0.0817337190159291,-0.0119133819890532,-0.0058644353778496,0.994775834367311,0.4285658279251771,0.4972614568747867,0.2358342612500795,0.4806580990364915,-0.003763277012721003
d0046384-16ea-4f69-bae9-165e8d0aeacf,caa5dddc-9290-4e27-9f5e-575ba3598614,waveform_pca_16,0.1396996279227206,0.1235848432631515,0.1826546878050903,0.3971751871677029,0.3983604009295496,0.0621719109736426,0.0473133852784524,0.0262663304590219,0.0316197786798973,0.0724697496774493,0.996313484633141,0.0961488040584028,0.1009967629727255,-0.0070533320748415,0.24829494941764296,0.0479682310136927
d0046384-16ea-4f69-bae9-165e8d0aeacf,caa5dddc-9290-4e27-9f5e-575ba3598614,waveform_pca_48,0.1954810519294521,0.1692769372671947,0.2171718467655173,0.46019839823111,0.4527313832564738,0.0217350666526548,-0.0268599609154507,0.0089963864155443,-0.0203693538965641,0.0210717371348975,0.998235213722274,0.1009978700870685,0.1242939890511653,-0.0058196924479801,0.29897192348994955,0.0009147750782163601
d4291925-ad00-47fe-baaf-3fdff0991e86,f819d499-8bf7-4da0-a431-15377a8319d5,bank_wave+rms+psd,0.5195155827570564,0.5545535329526239,0.5229168753288455,0.8122037714787906,0.805537258628154,-0.1068717440835551,0.1009397698956486,0.1217503739716366,-0.0159965941724349,-0.027971450744666,0.9675966340373672,0.7631538170942122,0.9999999998916844,0.9999999215517336,0.6429454042290941,0.014370070973325839
d4291925-ad00-47fe-baaf-3fdff0991e86,f819d499-8bf7-4da0-a431-15377a8319d5,group_pca_2x24,0.4973574172759182,0.4920130277245947,0.4703217728371673,0.7546562712976513,0.7658531300482608,-0.1600950067397084,0.069771041978708,0.1196877013504075,0.0342807304784011,0.0344736681876721,0.0302906773149677,0.5226211102831945,0.9809266002750568,0.4575919504829717,0.5960403238367185,0.019623627051096063
d4291925-ad00-47fe-baaf-3fdff0991e86,f819d499-8bf7-4da0-a431-15377a8319d5,group_wave+amp1,0.4872431121364012,0.428721708751359,0.5200117733720176,0.7547494686619749,0.7574111288501366,-0.1182093329171978,0.0060303595595524,0.0746234529492354,0.0414401339047295,0.0349434771810306,0.982992232575756,0.3511917537799038,0.6081474117086387,0.2952625004486784,0.5896274383543779,0.007765618135470021
d4291925-ad00-47fe-baaf-3fdff0991e86,f819d499-8bf7-4da0-a431-15377a8319d5,waveform_pca_16,0.2419754209697566,0.0955943968402341,0.4217239337590616,0.4359960301288329,0.461100572056637,0.055725549807147,-0.0173726829053474,-0.0468050001817306,0.0057478538323037,0.0007255226556126,0.986321502335786,0.0770944760874203,0.034738398788271,0.0077961557137344,0.3312780707509045,-0.0003957513584029406
d4291925-ad00-47fe-baaf-3fdff0991e86,f819d499-8bf7-4da0-a431-15377a8319d5,waveform_pca_48,0.2924970411443186,0.1124457988642425,0.4354536224942418,0.4332195686289272,0.453941368099246,0.0714721439726555,-0.0259166511650431,0.0146050125221068,0.0154070782025824,0.01886868401027,0.9920357001173264,0.0901198456683719,0.0325662156653865,0.0056709171260566,0.34551147984619524,0.01888725350851432
d5e5311c-8beb-4f8f-b798-3e9bfa6bcdd8,5c0c560e-9e1f-45e9-b66e-e4ee7855be84,bank_wave+rms+psd,0.7047417362329795,0.5796607540665216,0.5764833646712316,0.7354934743148789,0.6967862724339476,0.1075238834315794,-0.1336027719963529,0.0909934173425301,0.0911938297172353,0.0889339674607622,0.9361031729536788,0.8263792825966123,0.999999999882507,0.999999821464149,0.6586331203439119,0.04900846519115082
d5e5311c-8beb-4f8f-b798-3e9bfa6bcdd8,5c0c560e-9e1f-45e9-b66e-e4ee7855be84,group_pca_2x24,0.6603682131737851,0.5537870531198054,0.5554724996587862,0.698880910486398,0.655765727194191,0.0688576182958693,-0.126871581906969,0.0173097111640985,0.0736957616283326,0.0595635070306686,0.0431265979677439,0.591853998514099,0.9824528302170832,0.4185687552466551,0.6248548807265932,0.018511003242399997
d5e5311c-8beb-4f8f-b798-3e9bfa6bcdd8,5c0c560e-9e1f-45e9-b66e-e4ee7855be84,group_wave+amp1,0.5838394061091634,0.4265728307368954,0.4431188211929637,0.667121339875122,0.6191311991220414,0.0815371408257402,-0.087413817998104,0.0640223599597718,0.0970973355929846,0.0756139186500198,0.9788709104028857,0.2673240769064676,0.4042614224876907,0.254147797172756,0.5479567194072372,0.04617138740608249
d5e5311c-8beb-4f8f-b798-3e9bfa6bcdd8,5c0c560e-9e1f-45e9-b66e-e4ee7855be84,waveform_pca_16,0.1865422166157055,0.0263503820949761,0.0328011858486277,0.3388002071362055,0.2982996241674541,0.0371836737717763,-0.0012316108031938,0.0318705136064168,-0.0388253567642127,0.0073398532134397,0.9829359310100017,0.0368949260297372,0.0039460758597914,-0.0245279351737581,0.17655872317259375,0.007267414604845262
d5e5311c-8beb-4f8f-b798-3e9bfa6bcdd8,5c0c560e-9e1f-45e9-b66e-e4ee7855be84,waveform_pca_48,0.1842406611533016,0.0356703347011864,0.1181665046172664,0.3549563936528005,0.3264964377228494,0.0511508355243456,-0.0032243604476691,0.0075301195199421,-0.0385443437141853,-0.003472888767775,0.9909055982207604,0.032617706430348,0.0006469486954249,-0.0233988192199627,0.20390606636948086,0.0026878724229316593
d8ccc6bb-f0d9-494a-b682-f12c73e228c6,0cc486c3-8c7b-494d-aa04-b70e2690bcba,bank_wave+rms+psd,0.4155432196871882,0.2469447515804708,0.4151650599744405,0.6963146806498555,0.683351603512133,0.0103123995314619,0.0807025973811035,0.079320788777684,-0.0476716296774831,-0.0269692170159111,0.9329912558326814,0.7686468613086543,0.9999999998267294,0.9999996766139404,0.4914638630808176,0.019138987799371045
d8ccc6bb-f0d9-494a-b682-f12c73e228c6,0cc486c3-8c7b-494d-aa04-b70e2690bcba,group_pca_2x24,0.4238511284643919,0.2278913167601159,0.4000566728547167,0.6712360794520832,0.6604358501753378,-0.0187587189218671,0.0832509067947277,0.1062393936719733,-0.0286629028889998,-0.0051104371089277,0.0633710567762894,0.5492155902275812,0.9601615906723118,0.4643396103008048,0.4766942095413291,0.02739164830938128
d8ccc6bb-f0d9-494a-b682-f12c73e228c6,0cc486c3-8c7b-494d-aa04-b70e2690bcba,group_wave+amp1,0.3782178180091843,0.329884338604307,0.3726200248600434,0.6328720262681755,0.6325523772415218,0.0451517764199093,0.1448023519415734,0.0577606208411239,-0.0140420766911647,0.0073369871573804,0.9644550188061188,0.5432902152153833,0.9086341717086022,0.4354744031488028,0.46922931699664633,0.048201931933764465
d8ccc6bb-f0d9-494a-b682-f12c73e228c6,0cc486c3-8c7b-494d-aa04-b70e2690bcba,waveform_pca_16,0.2013959309810517,0.1205343592346554,0.2652029665770908,0.2074145572055235,0.2045586816564009,0.036327519539805,-6.062312568655003e-05,-0.0598703288296703,0.0331229401041286,0.0362726927182514,0.9688684802099684,0.0184435752666171,-0.157855978493807,-0.0459477380834466,0.19982129913094446,0.00915844008136563
d8ccc6bb-f0d9-494a-b682-f12c73e228c6,0cc486c3-8c7b-494d-aa04-b70e2690bcba,waveform_pca_48,0.283924598754926,0.1114441337819386,0.283584896758305,0.2461330436390625,0.2384803811345004,-0.0557075890815806,0.0032654158554446,-0.0962543326997128,0.0368045736824885,0.0315810486761519,0.9844729481216982,0.0145138349271264,-0.1590139623573185,-0.0500675786333179,0.23271341081374647,-0.016062176713441678
dab512bd-a02d-4c1f-8dbc-9155a163efc0,d23a44ef-1402-4ed7-97f5-47e9a7a504d9,bank_wave+rms+psd,0.764550594355013,0.6425500226468545,0.6652941945594392,0.7523711428706824,0.7356877590363389,-0.2160621921812397,0.0082503482202006,0.0854305215596749,-0.0252927827479998,-0.0488183633303402,0.9833439337510018,0.8038143071464958,0.999999999882468,0.99999980795982,0.7120907426936656,-0.03929849369594084
dab512bd-a02d-4c1f-8dbc-9155a163efc0,d23a44ef-1402-4ed7-97f5-47e9a7a504d9,group_pca_2x24,0.7596833919827023,0.635998024301293,0.6591682978868574,0.6866157236367899,0.6438054672565536,-0.2667971408853075,0.0144257814225747,0.0033800866255514,0.0009490975706465,-0.0336442822430243,0.1812863921962534,0.5441685671607057,0.984891981484277,0.4794993299417785,0.6770541810128392,-0.056337291501911836
dab512bd-a02d-4c1f-8dbc-9155a163efc0,d23a44ef-1402-4ed7-97f5-47e9a7a504d9,group_wave+amp1,0.7745293168149765,0.7000595570795142,0.6507150307047755,0.7489905648864785,0.7521775651805105,-0.2490105262257169,0.0788454655458187,-0.0412627426114562,0.0336272648737185,0.0108920497087959,0.993563875247048,0.1854102687477501,0.4219288246837907,0.1881636485357098,0.7252944069332511,-0.033381697741768
dab512bd-a02d-4c1f-8dbc-9155a163efc0,d23a44ef-1402-4ed7-97f5-47e9a7a504d9,waveform_pca_16,0.5084229503316151,0.2981025722248592,0.5371200994817045,0.5231847814023872,0.5507452203793779,-0.0690482929164823,-0.0783806137036573,0.0213000406006625,0.0172969514966263,0.0063331828869512,0.995430233223058,0.1267361830105342,0.1610734759009347,0.0396775814207776,0.4835151247639888,-0.020499746327179918
dab512bd-a02d-4c1f-8dbc-9155a163efc0,d23a44ef-1402-4ed7-97f5-47e9a7a504d9,waveform_pca_48,0.6100910323482365,0.3601135306380709,0.5589210650859843,0.5899912503993864,0.60971351214829,-0.1021771293466763,-0.1704377194294984,0.0022161381292091,-0.0265316084161324,-0.0348085301607904,0.99826055249947,0.1316248314544659,0.182549048396138,0.0561925126023834,0.5457660781239936,-0.06634776984477767
db2100c3-64ac-463e-97a1-20ce8266cd5f,0cc486c3-8c7b-494d-aa04-b70e2690bcba,bank_wave+rms+psd,0.4575583488623247,0.2355378652679617,0.3744359261227613,0.6766088843822792,0.6697765004475772,-0.0786748165995517,-0.1965825331726563,-0.0379374204533142,-0.118793363871863,-0.1113238048061324,0.9356477220791763,0.736660276892094,0.9999999998682458,0.9999996965611336,0.48278350501658085,-0.10866238778070351
db2100c3-64ac-463e-97a1-20ce8266cd5f,0cc486c3-8c7b-494d-aa04-b70e2690bcba,group_pca_2x24,0.4131692457549735,0.3378393845974506,0.3627548629110358,0.6361448066279055,0.6510531391648324,-0.0636029151085875,-0.1966244306705676,-0.0370490679911935,-0.1165238552671573,-0.1140047166542648,0.1541097764989514,0.5419186183278972,0.9869295213622588,0.505609278223915,0.4801922878112396,-0.10556099713835414
db2100c3-64ac-463e-97a1-20ce8266cd5f,0cc486c3-8c7b-494d-aa04-b70e2690bcba,group_wave+amp1,0.4268255993759924,0.3517826548725078,0.2766396616302757,0.5871631831660912,0.5921554302674077,-0.0883016732002378,-0.1315384265189442,-0.08599556901165,-0.1443222475928374,-0.1494055053553049,0.970671019868794,0.4264285156492785,0.7187608397850709,0.350006625701093,0.446913305862455,-0.11991268433579486
db2100c3-64ac-463e-97a1-20ce8266cd5f,0cc486c3-8c7b-494d-aa04-b70e2690bcba,waveform_pca_16,0.265725777291116,0.0922773467700516,0.2195696602420531,0.2766340052935484,0.252269446157762,0.0417117599882588,-0.0119641930704586,-0.0463335595144229,0.1057205362694348,0.0811386619056097,0.9795235606695316,0.0473660802538529,-0.078545462605088,-0.0228764094805331,0.22129524715090626,0.03405464111568436
db2100c3-64ac-463e-97a1-20ce8266cd5f,0cc486c3-8c7b-494d-aa04-b70e2690bcba,waveform_pca_48,0.2517501253401377,0.0940159843235662,0.2488093192772114,0.2789804941882911,0.2473971753292859,-0.0424218077984343,-0.0183303899491013,-0.0523411072361138,0.0507250147686333,0.0538306945850573,0.9907470719329676,0.0474943578953176,-0.139128682366746,-0.0269866267970491,0.22419061969169846,-0.0017075191259917576
df350b09-a420-42bb-9952-17862cbb9f1c,dfbe628d-365b-461c-a07f-8b9911ba83aa,bank_wave+rms+psd,0.1600388074896716,0.1877230631694699,0.3074334877845718,0.4840986328257326,0.5874056305615574,-0.0695763890308524,0.0429452181415744,0.0197403642314054,0.0075535346866695,0.021376974385149,0.9336707557109416,0.939776483388437,0.9999999999568682,0.9999998809768212,0.34533992436620065,0.004407940482789178
df350b09-a420-42bb-9952-17862cbb9f1c,dfbe628d-365b-461c-a07f-8b9911ba83aa,group_pca_2x24,0.2179279352087974,-0.0077307741374707,0.235978673353083,0.3505711991733518,0.4238548186496457,-0.1265784244881709,0.0668546051677044,0.0389562395041717,-0.0026638740530768,0.0002975097292057,0.030744594348622,0.7350407865703235,0.9833395857447438,0.4314714813509267,0.24412037044948143,-0.0046267888280331765
df350b09-a420-42bb-9952-17862cbb9f1c,dfbe628d-365b-461c-a07f-8b9911ba83aa,group_wave+amp1,0.1408745312517195,0.0628887099204017,0.2149518109325361,0.2941056497722505,0.4053006371227632,-0.0936543999895084,-0.0361124134104265,0.0076503788556535,0.0393946278676556,0.0435274696393342,0.9606112846150722,0.7144878200095136,0.9790263281589942,0.3772558339080499,0.2236242677999342,-0.007838867407458318
df350b09-a420-42bb-9952-17862cbb9f1c,dfbe628d-365b-461c-a07f-8b9911ba83aa,waveform_pca_16,0.2386416954562089,0.1001451604386327,0.1876061738652089,0.3766030197835531,0.4237174949196323,0.0165844119631246,0.0202993387328563,-0.029601782942697,-0.0269928979049329,-0.0292010858297683,0.9670428760636932,0.003126461020494,-0.0298480775393907,-0.0227446474107543,0.26534270889264716,-0.00978240319628346
df350b09-a420-42bb-9952-17862cbb9f1c,dfbe628d-365b-461c-a07f-8b9911ba83aa,waveform_pca_48,0.1496251005346082,0.1193139159013184,0.2332244667389409,0.3792180143905689,0.3994708849544122,0.0231896170842194,0.0222877631522297,-0.0276439128379536,0.0264555904462353,0.0287209158036975,0.989595323720612,-0.0127387842057425,-0.0318518376443644,-0.0635197084384287,0.25617047650396974,0.014601994729685661
e4632651-5ba7-48a7-86db-5298b45a5bac,5bcafa14-71cb-42fa-8265-ce5cda1b89e0,bank_wave+rms+psd,0.3472181431448065,-0.1362071150529227,0.3993991679240959,0.6733684633195196,0.6382085717529433,0.072312734184396,-0.0522590904537749,-0.0735767619071528,-0.1069581331558622,-0.0887214618082205,0.8165972261993528,0.670311869994585,0.9999999996334712,0.9999998787473324,0.38439744621768857,-0.049840542628122875
e4632651-5ba7-48a7-86db-5298b45a5bac,5bcafa14-71cb-42fa-8265-ce5cda1b89e0,group_pca_2x24,0.2580536099767603,-0.124977340956742,0.2895214090126826,0.5315960095560253,0.5079540561693275,0.0980975156385817,0.011480552803663,-0.0527271358169191,-0.1242151433999201,-0.0536792802693874,0.0508854773985353,0.331243277105835,0.9502958988012532,0.3997784333599074,0.29242954875161076,-0.02420869820879638
e4632651-5ba7-48a7-86db-5298b45a5bac,5bcafa14-71cb-42fa-8265-ce5cda1b89e0,group_wave+amp1,0.2654350962610582,-0.1763069000140658,0.3290551476948317,0.5903756613179357,0.5331965901517648,0.0747633475985684,0.0675945779829845,-0.024106309731495,-0.1279752760391793,-0.1202645530877633,0.9042256950789884,0.3107132603933432,0.8611264045382615,0.3531295896375892,0.3083511190823049,-0.02599764265537694
e4632651-5ba7-48a7-86db-5298b45a5bac,5bcafa14-71cb-42fa-8265-ce5cda1b89e0,waveform_pca_16,0.2325164668335398,0.1707487594216874,0.3656538555714921,0.5057148585964728,0.4584246988327018,-0.0585013101439644,-0.012133334560523,0.0219746414550523,-0.0507279788937788,-0.0517741685744477,0.9417728787343244,-0.0324252809443415,-0.2139701925274976,-0.0894620666013698,0.3466117278511788,-0.03023243014353232
e4632651-5ba7-48a7-86db-5298b45a5bac,5bcafa14-71cb-42fa-8265-ce5cda1b89e0,waveform_pca_48,0.2248154187923333,0.177707579696142,0.3709172234014525,0.5413362974426708,0.4801770452934967,-0.0719740303656502,-0.0126376436120934,0.0099153492124157,-0.0324680172886239,-0.0379420383347058,0.9695347005053252,-0.0327193546584675,-0.1828067214509049,-0.0915850229406882,0.35899071292521906,-0.02902127607773152
ec1e2af7-c107-4a18-ab05-cefb9174d516,1dbba733-24a4-4400-9436-53f1bd8428e8,bank_wave+rms+psd,0.6732544905081856,0.485989630729627,0.6589851038169028,0.6307649773154234,0.8226958705001408,0.0163517293775734,-0.0088940490261926,0.0113941757048076,-0.005430964937087,-0.0273159641280341,0.7704559970772024,0.5671290662527717,0.999999999867312,0.9999999342618436,0.6543380145740559,-0.0027790146017865397
ec1e2af7-c107-4a18-ab05-cefb9174d516,1dbba733-24a4-4400-9436-53f1bd8428e8,group_pca_2x24,0.6245923722553163,0.5113775875130879,0.6142806958933728,0.5836991484020071,0.7892552245893684,-0.0161852369971547,-0.0787222360475653,-0.0202253562433583,-0.0801247794234122,0.0026088994866623,0.0876845409921672,0.3585672114247421,0.975137010440258,0.4606981760792583,0.6246410057306304,-0.038529741844965645
ec1e2af7-c107-4a18-ab05-cefb9174d516,1dbba733-24a4-4400-9436-53f1bd8428e8,group_wave+amp1,0.6432313505513543,0.5391344204690751,0.6448411795958984,0.6408056916103025,0.8113555760639671,0.0130004165884175,-0.0181405988987743,-0.0367699388593348,-0.0486723746393645,0.0393264550825526,0.8514696816448469,0.3172931243822696,0.8617581480530052,0.3588977364733757,0.6558736436581195,-0.010251208145300703
ec1e2af7-c107-4a18-ab05-cefb9174d516,1dbba733-24a4-4400-9436-53f1bd8428e8,waveform_pca_16,0.401421617376418,0.1286560192562552,0.4618087839262388,0.4926937432132728,0.4822038054751255,0.0219341613081399,-0.0107251596681326,-0.0631828307170171,-0.0494282730568466,-0.0479259135606174,0.9001389518369922,0.0316641815180232,0.0384015397226482,0.0205985252161743,0.39335679384946204,-0.029865603138894758
ec1e2af7-c107-4a18-ab05-cefb9174d516,1dbba733-24a4-4400-9436-53f1bd8428e8,waveform_pca_48,0.4206426985105884,0.1291297662638042,0.4762472601070136,0.5120271311439135,0.5236427712676277,0.0233387741746198,-0.0031962516102091,-0.018804054260757,-0.0136898626128398,0.0217822246937476,0.944285802331736,0.0313171396836507,0.0582077139563258,0.0144196105618982,0.41233792545858955,0.0018861660769123004
ee320f72-b613-4acd-b10d-3ceef332a949,1928bf72-2002-46a6-8930-728420402e01,bank_wave+rms+psd,0.482514079744881,0.6484005469882775,0.5959155294120784,0.6970949726496882,0.7239527445700279,-0.0810182205459411,0.3279686641961006,0.0441449147454811,-0.0399072939437141,-0.0489017683700711,0.9291950394463384,0.6829679500329823,0.99999999977438,0.9999999525130014,0.6295755746729906,0.040457259216371076
ee320f72-b613-4acd-b10d-3ceef332a949,1928bf72-2002-46a6-8930-728420402e01,group_pca_2x24,0.4170942372319005,0.5835760711891939,0.5632201792814832,0.6809309445355864,0.7036505276746389,-0.0717996722850504,0.2398881787985726,-0.064944542706763,-0.0848335684192132,-0.098268750775608,0.0612006079502653,0.3881547350097235,0.953386063756774,0.3909985795559835,0.5896943919825606,-0.0159916710776124
ee320f72-b613-4acd-b10d-3ceef332a949,1928bf72-2002-46a6-8930-728420402e01,group_wave+amp1,0.4521974274119022,0.5855274323362912,0.5697912753513332,0.6535308536060788,0.6626044920855036,-0.0940166463106968,0.2322709014255303,-0.0301727025115401,-0.106224232412705,-0.1177619394686615,0.9613544586073436,0.3214569713172332,0.66072475805055,0.3106849617334827,0.5847302961582217,-0.023180923855614613
ee320f72-b613-4acd-b10d-3ceef332a949,1928bf72-2002-46a6-8930-728420402e01,waveform_pca_16,0.1634817678810233,0.0476113667788617,0.2218659536907105,0.148173790600843,0.1850357453423113,0.0429571462157596,-0.0312638876613542,-0.0699758976545209,-0.0110003532661414,-0.060831908046256,0.9692652986100436,0.0392098362294255,0.0993516097836295,-0.0043216760987818,0.15323372485874995,-0.02602298008250258
ee320f72-b613-4acd-b10d-3ceef332a949,1928bf72-2002-46a6-8930-728420402e01,waveform_pca_48,0.1490231213175933,0.0616761004783006,0.2129019820302172,0.1471532139688261,0.1953450465870971,0.0011884641846393,-0.0270606310818736,-0.0235247319901938,0.0189743154630181,-0.0185069765451736,0.985029681554858,0.0338537658166599,0.1129481373503804,-0.0114811443565705,0.15321989287640686,-0.009785911993916718
f0c390da-d8e3-4b5f-8df7-bd2f153ed01b,f56194bc-8215-4ae8-bc6a-89781ad8e050,bank_wave+rms+psd,0.8082479829075506,0.4477863768904671,0.6792378513487376,0.8495882684803665,0.8095191171886533,-0.1830336172502144,0.2029091279083523,-0.156767418898726,-0.1818220522183924,-0.2494379054167117,0.8975544517544772,0.6976434611647214,0.9999999998016232,0.9999999233689472,0.718875919363155,-0.11363037317513844
f0c390da-d8e3-4b5f-8df7-bd2f153ed01b,f56194bc-8215-4ae8-bc6a-89781ad8e050,group_pca_2x24,0.7983069486188206,0.3941949456991802,0.7243282058178672,0.8354531463165988,0.7957954516185048,-0.1920509275976585,0.2140682682037901,-0.1548534873486945,-0.2038065554551904,-0.2545571028729207,0.0306285666946126,0.4277422950524882,0.9678475067111548,0.3137513897069039,0.7096157396141943,-0.11823996101413478
f0c390da-d8e3-4b5f-8df7-bd2f153ed01b,f56194bc-8215-4ae8-bc6a-89781ad8e050,group_wave+amp1,0.793605834916998,0.413145373189821,0.6887182045773689,0.8317700270246828,0.7868809265219704,-0.0860500833788106,0.2411771804190302,-0.1422437003347235,-0.1820946760983043,-0.2356027967411987,0.9511119755195788,0.2918396947996063,0.7358172847769486,0.1753608833494771,0.7028240732461682,-0.08096281522680138
f0c390da-d8e3-4b5f-8df7-bd2f153ed01b,f56194bc-8215-4ae8-bc6a-89781ad8e050,waveform_pca_16,0.2912879486624321,0.055023234344171,0.1657925578821504,0.2866564318219019,0.2681756044768502,0.0034228022994291,-0.0305320866769636,-0.0332812230620068,-0.0455211868409017,-0.0152018828060618,0.9641155548564608,0.0093830547663741,-0.0013411566454774,-0.0169331893647764,0.21338715543750109,-0.02422271541730096
f0c390da-d8e3-4b5f-8df7-bd2f153ed01b,f56194bc-8215-4ae8-bc6a-89781ad8e050,waveform_pca_48,0.3067887491748651,0.0567808218308512,0.2415409726766672,0.3400059647699744,0.3067038026082024,0.0376601636132009,0.0231480611120812,-0.0193379175529806,-0.0090595712659347,0.0001720687360167,0.9840881271112804,0.0151576089271439,0.0322624727788373,-0.0152307289966628,0.25036406221211205,0.006516560928476701
f639f4f3-ac14-4114-b712-f445463597e4,1b715600-0cbc-442c-bd00-5b0ac2865de1,bank_wave+rms+psd,0.3712783264806687,0.4090456571452979,0.4318735620585969,0.7122619490251954,0.7293096038951209,-0.022176036556471,0.0333101680750522,-0.0120494841329867,-0.0758283607146384,-0.126331347588965,0.8338384504989248,0.6965809048331691,0.9999999997541726,0.9999996839245971,0.530753819720976,-0.04061501218360178
f639f4f3-ac14-4114-b712-f445463597e4,1b715600-0cbc-442c-bd00-5b0ac2865de1,group_pca_2x24,0.3452461663293229,0.4819517786872259,0.4146503968323148,0.6899433213907441,0.715898664421144,-0.0063969947302062,-0.0727219553751522,0.0019216663483384,-0.0964068421124855,-0.1113464947237808,0.0343026413952869,0.5286775632371542,0.9740732250817572,0.4244838938944463,0.5295380655321503,-0.05699012411865727
f639f4f3-ac14-4114-b712-f445463597e4,1b715600-0cbc-442c-bd00-5b0ac2865de1,group_wave+amp1,0.3257390737614644,0.4094530633425363,0.4195578143584989,0.6866660046667298,0.7267033299760294,0.0861848646601131,-0.094968432283124,0.0047655385158342,-0.102154513331425,-0.1099199346990279,0.8972561222881582,0.4637913947236959,0.7320269633736085,0.2469899396458352,0.5136238572210517,-0.04321849542752592
f639f4f3-ac14-4114-b712-f445463597e4,1b715600-0cbc-442c-bd00-5b0ac2865de1,waveform_pca_16,0.0499695510863181,0.0688065395085819,0.1763606997729911,0.3518066500367118,0.3376327256293818,-0.0412199620976557,0.0034634699052723,-0.0422688659689372,0.062217532797764,0.0326583800120019,0.9519736999856124,0.0035768143549289,-0.0322837433711976,-0.0368425300329631,0.19691523320679694,0.00297011092968906
f639f4f3-ac14-4114-b712-f445463597e4,1b715600-0cbc-442c-bd00-5b0ac2865de1,waveform_pca_48,0.0799066127657724,0.1026717538465534,0.1406106642229806,0.3490314665124543,0.3392420699923118,0.0180138795294776,0.0029451996208564,-0.0743445834732782,0.0316695359777793,0.0146839944333145,0.9691246644676867,-0.0102134390977663,-0.0334355166141368,-0.0523821485864863,0.20229251346801452,-0.0014063947823700798
f86e9571-63ff-4116-9c40-aa44d57d2da9,4b7fbad4-f6de-43b4-9b15-c7c7ef44db4b,bank_wave+rms+psd,0.6104057951880024,0.2403662388321077,0.6692283870931027,0.7348321861696228,0.6984462832521043,0.0214520553843417,0.2892085171849812,0.0735720485598806,0.0864308196377636,0.1156876554551483,0.9734614839636972,0.8153359364757932,0.9999999997464368,0.9999991892711204,0.590655778106988,0.11727021924442307
f86e9571-63ff-4116-9c40-aa44d57d2da9,4b7fbad4-f6de-43b4-9b15-c7c7ef44db4b,group_pca_2x24,0.6089047319714848,0.2043154498880359,0.6487795158003946,0.7163864244715514,0.6508532209162385,0.0262026652606046,0.1905113170422451,0.0779198385727571,0.043985393800286,0.0998628277232755,0.0816858297063211,0.5640689269716225,0.9886611193015776,0.7038325164477905,0.5658478686095411,0.08769640847983365
f86e9571-63ff-4116-9c40-aa44d57d2da9,4b7fbad4-f6de-43b4-9b15-c7c7ef44db4b,group_wave+amp1,0.6093359038647161,0.0563101110862704,0.6687416210861374,0.6908229994309112,0.644309771074796,0.0420178533066011,0.0600176409680401,0.0819127776017696,0.0467852429566087,0.1244712289306733,0.983980692789572,0.3779362773937558,0.805087830107968,0.5922765701454109,0.5339040813085661,0.07104094875273856
f86e9571-63ff-4116-9c40-aa44d57d2da9,4b7fbad4-f6de-43b4-9b15-c7c7ef44db4b,waveform_pca_16,0.3179796512584167,0.1566109714759503,0.395098306794638,0.368844673323399,0.3357455386668916,-0.0328745036756215,-0.0040739450743648,0.0427835864250822,0.0680351277685907,0.0440553871880521,0.9921125419274316,0.073909489059977,0.1062606247717177,0.0202615702378079,0.3148558283038591,0.023585130526347742
f86e9571-63ff-4116-9c40-aa44d57d2da9,4b7fbad4-f6de-43b4-9b15-c7c7ef44db4b,waveform_pca_48,0.3544552529405217,0.1503354866053118,0.4684164362370241,0.4436522267887461,0.4230478749636004,-0.0230425279870685,0.0002749460543759,0.0203773950194286,0.0733274372312668,0.073239650315819,0.9972797140886992,0.1097032126061493,0.1477573994178538,0.0477567619741516,0.3679814555070408,0.028835380126764364
fd555d39-b728-44aa-90d2-796b8bb58300,4b7fbad4-f6de-43b4-9b15-c7c7ef44db4b,bank_wave+rms+psd,0.6281403248009022,0.18311917285462,0.6466011360217685,0.780017729882439,0.75495775689696,-0.0974903428194165,0.2004440667820691,-0.0298263753862236,0.0234460107774294,0.042351499636512,0.9611452764403828,0.660560883620137,0.9999999997100828,0.99999817989436,0.5985672240913379,0.02778497179807408
fd555d39-b728-44aa-90d2-796b8bb58300,4b7fbad4-f6de-43b4-9b15-c7c7ef44db4b,group_pca_2x24,0.6169786888629838,0.1559483644243038,0.6376551749747508,0.7492082407264513,0.6646845821409804,-0.1352170029150365,0.0193875507170911,0.0272022435539835,-0.1044592342466257,-0.009435780294227,-0.0114464249336757,0.4204059724113224,0.9958262031898542,0.6814270955308838,0.5648950102258941,-0.04050444463696292
fd555d39-b728-44aa-90d2-796b8bb58300,4b7fbad4-f6de-43b4-9b15-c7c7ef44db4b,group_wave+amp1,0.6186663812035421,0.1908966300162694,0.6496271125422676,0.7742861873674198,0.7392446132370096,-0.1330877888143812,0.0801214809023526,0.0455156521039948,-0.1215948796962371,0.0400362536562131,0.9712213144876672,0.3737023138777032,0.9463330351692636,0.5974943740133296,0.5945441848733017,-0.017801856369611558
fd555d39-b728-44aa-90d2-796b8bb58300,4b7fbad4-f6de-43b4-9b15-c7c7ef44db4b,waveform_pca_16,0.3359742784078492,0.0540076605585865,0.391250669542772,0.3637935598949446,0.3739569649190863,-0.0300602017786634,-0.0123429858995537,-0.0192277121909434,0.0406863597421019,0.0136032649400882,0.9838941203758612,0.0173753966087265,0.1576449341327694,0.0001336605477186,0.30379662666464774,-0.0014682550373940808
fd555d39-b728-44aa-90d2-796b8bb58300,4b7fbad4-f6de-43b4-9b15-c7c7ef44db4b,waveform_pca_48,0.3665588120229788,0.0904297756579937,0.4421910229079747,0.4694654537210139,0.4184937638313851,-0.0262661976089541,-0.0328293752596925,0.0262588992201017,0.0200202707949674,0.0324796655870505,0.9906393058124074,0.0146503803646742,0.186201994055372,0.048819618084225,0.3574277656282692,0.003932652546694602
ffb1b072-2de7-44a4-8115-5799b9866382,d3a2b25e-46d3-4f0b-ade6-4e32255f4c35,bank_wave+rms+psd,0.4964509639903833,0.3747143404436278,0.5490126803550861,0.6939977977114975,0.701971472108068,-0.1486253243303846,-0.1907007227334545,-0.0937963448739405,-0.0114407880794245,0.0812760289642593,0.5515703303132524,0.6299604100796286,0.999999999493204,0.9999997619764291,0.5632294509217325,-0.07265743021058897
ffb1b072-2de7-44a4-8115-5799b9866382,d3a2b25e-46d3-4f0b-ade6-4e32255f4c35,group_pca_2x24,0.4937936053408419,0.2473967611387952,0.5433271780294924,0.6642663554760166,0.6721977222908255,-0.1380476190598587,-0.1186289696384678,-0.0895509982561061,6.608550157444909e-05,0.0679602155352977,0.0284527784848265,0.3074889967303374,0.9905646925259066,0.503129215052105,0.5241963244551944,-0.055640257183512086
ffb1b072-2de7-44a4-8115-5799b9866382,d3a2b25e-46d3-4f0b-ade6-4e32255f4c35,group_wave+amp1,0.4543059216849899,0.3004243596519326,0.5483640699029949,0.6975990638989144,0.7033973408681633,-0.1351371101905597,-0.0388167215576713,-0.0876241198476238,-0.0310603984418339,0.0192654459913503,0.6214809491789708,0.2132370453604781,0.9351957113570945,0.3543531529896068,0.540818151201399,-0.05467458080926768
ffb1b072-2de7-44a4-8115-5799b9866382,d3a2b25e-46d3-4f0b-ade6-4e32255f4c35,waveform_pca_16,0.0288187255458,0.1209717486713866,0.2536656567760267,0.3110948910689704,0.3038017140543814,-0.0003187061005295,0.0060405735587003,0.0389788282884658,0.0674277679163875,0.0179933935547677,0.6857431989538165,-0.0301759105639201,-0.0260296916174303,-0.0655703070749433,0.20367054722331304,0.026024371443558358
ffb1b072-2de7-44a4-8115-5799b9866382,d3a2b25e-46d3-4f0b-ade6-4e32255f4c35,waveform_pca_48,0.068802146356157,0.0560634825623284,0.3410897017321819,0.350509840514166,0.2820929574700519,-0.0083203065287148,0.0086446420130589,-0.0002773541990496,0.0134304503534046,0.0253223730397243,0.8449655810621748,-0.0321856554819863,-0.0317048903264097,-0.0708409713314332,0.21971162572697703,0.0077599609356846806
